timestamp,providerId
2015-02-16T14:00:33.958Z,866804603017535788_1546125551
2015-02-19T15:45:37.525Z,910229698290124382_1683966536
2015-02-20T08:59:18.735Z,924426185734123894_1056869123
2015-02-21T09:13:35.883Z,925146033493423112_1575703884
2015-02-17T15:28:51.046Z,720437618652318514_25331633
2015-02-20T19:59:16.001Z,900021423610866895_37251098
2015-02-19T14:56:10.628Z,923878813145728007_1486910992
2015-02-20T12:18:08.204Z,894378149168062771_1546125551
2015-02-14T14:12:47.709Z,608103159312232092_19501610
2015-02-19T15:45:37.713Z,917476536797889874_1683966536
2015-02-21T17:22:26.704Z,925410330915027308_1280577733
2015-02-16T09:00:33.337Z,921034436569179300_1251776768
2015-02-17T09:39:01.006Z,919634787216842877_6432487
2015-02-19T11:54:22.132Z,896468119227769045_1546125551
2015-02-18T11:41:38.050Z,896450263345943900_27960660
2015-02-18T09:40:48.692Z,450116269985918842_35467202
2015-02-20T17:23:05.141Z,885338806640392093_49252764
2015-02-16T23:05:15.824Z,754972794943925566_19373546
2015-02-16T15:00:34.337Z,829540405703422641_14764683
2015-02-16T23:05:15.673Z,921895105677874529_296546652
2015-02-14T14:12:47.657Z,354698179206786755_19501610
2015-02-16T10:00:43.165Z,516424083938314908_25331633
2015-02-16T10:00:43.602Z,853784249269526761_1546125551
2015-02-16T09:00:32.938Z,921044421817619335_322729819
2015-02-19T15:45:38.173Z,923821366230253263_1552126150
2015-02-18T11:41:38.042Z,888429059339081020_27960660
2015-02-16T23:05:16.169Z,916744897029774207_617581829
2015-02-16T10:00:43.480Z,792590605163793286_25331633
2015-02-14T13:12:47.066Z,920198273447308865_220799170
2015-02-18T12:42:01.674Z,760980313840520500_637715482
2015-02-19T08:51:38.709Z,923710850925521393_1563376465
2015-02-14T14:12:47.852Z,901664914539615272_642701092
2015-02-16T09:00:34.492Z,920486539413188937_1056869123
2015-02-18T08:40:24.584Z,723811298619584391_35467202
2015-02-16T10:00:44.146Z,882515278017497855_1441941441
2015-02-16T09:00:32.590Z,921539670375130803_1202022296
2015-02-19T15:45:38.370Z,742671841600477880_443814613
2015-02-20T23:02:24.815Z,924763264460724447_195570197
2015-02-17T20:36:08.501Z,922567973062172591_254195374
2015-02-19T21:50:55.556Z,919022367403372439_19373546
2015-02-14T20:13:04.042Z,655507302265893067_268578819
2015-02-21T12:17:29.062Z,925259478334081713_145497721
2015-02-14T14:12:47.733Z,761048518467595832_19501610
2015-02-14T20:13:04.052Z,920433030955596733_1292482365
2015-02-14T14:12:47.845Z,884247624747652808_642701092
2015-02-20T19:59:15.916Z,923792663560444868_235457165
2015-02-17T16:29:11.668Z,696271775908705796_49252764
2015-02-19T18:48:25.498Z,923861037617372563_3145118
2015-02-18T12:42:01.662Z,923099585300462461_1292482365
2015-02-21T14:19:49.047Z,925306985420768312_866988152
2015-02-17T20:36:08.569Z,691363301355282177_254195374
2015-02-19T15:45:37.616Z,912124479744247143_1683966536
2015-02-17T10:48:01.056Z,922298603853619528_1546125551
2015-02-18T13:42:28.867Z,923132865703281916_1562823808
2015-02-14T13:12:46.978Z,916135123853764239_1258946016
2015-02-14T12:12:46.444Z,807759671099159174_1056869123
2015-02-16T15:00:34.349Z,887973770517062435_1546125551
2015-02-14T14:12:47.719Z,634946341081525452_19501610
2015-02-16T23:05:16.157Z,921867293483112450_617581829
2015-02-16T23:05:15.930Z,837695845431989837_635649820
2015-02-16T09:00:33.995Z,765345913966202400_1050249130
2015-02-14T12:12:46.330Z,492024867978938862_247905705
2015-02-20T13:19:08.930Z,924562211106239868_1575703884
2015-02-17T21:36:28.526Z,920827000463799032_268578819
2015-02-20T12:18:07.858Z,908629134375690856_1546125551
2015-02-16T09:00:32.825Z,778028420561724873_1050663928
2015-02-20T10:16:22.670Z,924481247001485603_1546125551
2015-02-20T12:18:07.884Z,907049073453343182_1546125551
2015-02-18T09:40:48.686Z,449405371117891249_35467202
2015-02-20T19:59:15.904Z,918934313769229044_235457165
2015-02-19T20:49:51.724Z,924048989651759611_1056869123
2015-02-17T11:47:33.873Z,905813775134269779_1546125551
2015-02-17T15:28:51.055Z,720391432671169260_25331633
2015-02-18T00:37:36.218Z,905899400537606920_1376079641
2015-02-17T08:39:01.136Z,922247545894647060_1329015428
2015-02-16T10:00:43.453Z,768540717644089869_25331633
2015-02-18T09:40:48.643Z,439146448666389691_35467202
2015-02-14T12:12:45.414Z,908146177294764059_1376079641
2015-02-20T12:18:07.662Z,913858086451060951_1546125551
2015-02-16T09:00:32.630Z,806404728917020677_322729819
2015-02-18T20:45:53.533Z,909955866168466227_55604165
2015-02-18T09:40:48.666Z,439653571510824094_35467202
2015-02-16T10:00:43.716Z,910898867702729322_297468713
2015-02-20T23:02:24.561Z,924864594166536954_235457165
2015-02-17T15:28:50.901Z,922433180818402920_1574448514
2015-02-14T13:12:46.706Z,850915375759484194_1258946016
2015-02-19T20:49:48.737Z,913160973991846127_1546125551
2015-02-19T15:45:37.473Z,909512238574339934_1683966536
2015-02-16T10:00:43.467Z,772615279222557633_25331633
2015-02-16T09:00:33.121Z,921236470616847322_1056869123
2015-02-18T14:42:54.436Z,917322398909657744_266130315
2015-02-14T12:12:46.518Z,671826728247204386_344519709
2015-02-17T10:47:57.540Z,922241184423373806_32109761
2015-02-14T14:12:47.748Z,828102476058668065_19501610
2015-02-17T15:28:51.164Z,922396439361586311_1562823808
2015-02-16T23:05:15.631Z,921925000381368637_1376079641
2015-02-17T08:39:01.924Z,913680217680356246_5372279
2015-02-16T09:00:33.275Z,502571274933311424_261688524
2015-02-18T10:41:11.002Z,923033693570931208_195570197
2015-02-18T11:41:37.290Z,825042398484364385_50914862
2015-02-16T09:00:33.034Z,915117888038059928_1497931870
2015-02-16T10:00:43.687Z,795786129402628913_297468713
2015-02-16T10:00:43.562Z,895615668137331420_25331633
2015-02-14T21:13:13.984Z,892052933322966109_1486910992
2015-02-16T09:00:34.608Z,817580442251116084_373623022
2015-02-16T11:00:32.701Z,814656662626075749_6288808
2015-02-17T09:39:00.854Z,922287705797491766_1203024414
2015-02-18T10:41:10.989Z,923033690408788710_1546125551
2015-02-16T23:05:16.085Z,855938549286655043_635649820
2015-02-14T14:12:47.677Z,357251343982341423_19501610
2015-02-17T15:28:51.112Z,844902948157360563_25331633
2015-02-16T09:00:32.906Z,787407967711225467_1050663928
2015-02-20T23:02:24.791Z,924848925956053651_195570197
2015-02-20T10:00:05.594Z,924436939903322053_502518056
2015-02-17T20:36:08.816Z,916824416204233753_682479230
2015-02-14T13:12:47.054Z,695275732024278291_16389206
2015-02-16T14:00:33.968Z,921694499083206692_1159534687
2015-02-14T12:12:45.423Z,884756179279449017_1376079641
2015-02-14T13:12:46.548Z,838982347986560922_1258946016
2015-02-14T17:12:47.773Z,920327453755957160_306847678
2015-02-18T18:44:50.448Z,923265782945662416_1359349080
2015-02-17T09:39:00.840Z,922289762973280125_1457505024
2015-02-18T16:43:47.036Z,923219592238229746_5090665
2015-02-16T13:00:32.905Z,921654267687152896_29143530
2015-02-20T15:21:21.915Z,896359356396769255_536692082
2015-02-18T23:47:30.509Z,923410061630939793_1546125551
2015-02-21T23:30:16.685Z,907762115904315922_1546125551
2015-02-16T09:00:34.557Z,697776982874603206_373623022
2015-02-20T17:23:05.104Z,822494110465865441_49252764
2015-02-17T21:36:28.613Z,922631192325529070_682479230
2015-02-19T23:52:21.560Z,348436937012130384_268578819
2015-02-19T15:45:38.163Z,923738630194855272_1552126150
2015-02-17T16:29:11.552Z,873716342652432494_1056869123
2015-02-14T14:12:47.832Z,875322757600056899_642701092
2015-02-14T12:12:46.428Z,466835519931354079_247905705
2015-02-19T15:45:37.945Z,911423219747126892_1552126150
2015-02-17T16:29:11.636Z,905611822428614799_1056869123
2015-02-16T12:00:32.906Z,921568021791890313_174869341
2015-02-14T12:12:45.489Z,584898803430787506_247905705
2015-02-17T08:39:00.669Z,922259212183037367_1457505024
2015-02-19T15:45:37.659Z,747681254037443575_316271971
2015-02-14T12:12:46.284Z,500183029928102026_247905705
2015-02-20T23:02:24.826Z,924833297375369374_195570197
2015-02-18T08:40:24.599Z,819706997881597132_35467202
2015-02-17T15:28:50.776Z,922460818083929621_1429981782
2015-02-19T15:45:38.241Z,906404609336165905_37199240
2015-02-18T08:40:24.442Z,524412468288712651_35467202
2015-02-17T09:39:00.932Z,922274781657589430_1457505024
2015-02-16T10:00:43.629Z,847804754947514583_1546125551
2015-02-16T23:05:15.808Z,921881914232561165_1050328094
2015-02-20T11:17:09.115Z,189118179785480680_7757981
2015-02-16T23:05:15.604Z,918315377769302653_1678638569
2015-02-14T13:12:46.649Z,847204913490420906_1258946016
2015-02-17T15:28:51.033Z,922406731611088519_1251776768
2015-02-16T09:00:33.052Z,920408633796017315_1497931870
2015-02-17T10:47:33.404Z,922315398844540118_1457505024
2015-02-19T21:50:55.527Z,785638251644284169_19373546
2015-02-20T15:21:21.508Z,662257268277134038_317596295
2015-02-19T15:45:38.333Z,684927539533584599_443814613
2015-02-20T21:00:20.083Z,924776187019816734_533430922
2015-02-17T16:29:11.564Z,892541416624910836_1056869123
2015-02-16T09:00:34.357Z,910105213967298670_1056869123
2015-02-20T17:23:05.147Z,913589839346742380_49252764
2015-02-19T15:45:38.406Z,886453905486518804_443814613
2015-02-16T09:00:33.398Z,920777830443985148_291462761
2015-02-16T10:00:44.094Z,896853732465674301_25331633
2015-02-14T13:12:46.503Z,713677127501735777_1258946016
2015-02-20T11:17:09.445Z,916870944833575220_7757981
2015-02-17T10:47:57.525Z,922312901740487850_1457505024
2015-02-14T14:12:47.858Z,916573493046351616_642701092
2015-02-17T10:47:55.621Z,922313244809389237_1457505024
2015-02-14T12:12:45.239Z,682552617989160369_16389206
2015-02-19T15:45:37.979Z,911778511043296677_1552126150
2015-02-19T11:54:22.101Z,923795032008009160_1251776768
2015-02-18T16:43:47.061Z,889809837463364340_6432487
2015-02-18T21:46:32.680Z,923367909430323724_1563376465
2015-02-14T11:12:44.849Z,920162217924667991_210382217
2015-02-19T12:54:51.640Z,784580913953534079_1056869123
2015-02-18T20:45:53.562Z,923321648911256263_1376079641
2015-02-19T07:51:02.430Z,923675570234483068_227270535
2015-02-17T10:48:00.507Z,922306347830109273_1457505024
2015-02-16T09:00:33.853Z,920964326966492005_1292482365
2015-02-19T12:54:51.669Z,923816559922394010_50199875
2015-02-14T13:12:47.079Z,916654057289564858_1468952703
2015-02-17T12:47:34.448Z,922357106802190169_1457505024
2015-02-19T23:52:21.513Z,686857246134530692_1056869123
2015-02-20T18:58:15.348Z,923177184573558148_1050249130
2015-02-17T10:48:00.684Z,922303018047661103_1457505024
2015-02-18T08:40:24.590Z,723822361087994952_35467202
2015-02-19T23:52:21.571Z,383167226997092690_268578819
2015-02-14T13:12:46.663Z,848277086971881167_1258946016
2015-02-19T15:45:37.915Z,908638203627569098_1552126150
2015-02-19T21:50:55.542Z,859656808849435768_19373546
2015-02-16T10:00:43.660Z,903094624848728575_988847835
2015-02-19T13:55:22.662Z,923843132095510508_1575703884
2015-02-16T23:05:16.311Z,921818935682591563_1563376465
2015-02-14T12:12:45.310Z,839704683894390329_16389206
2015-02-19T15:45:38.396Z,881646186187463238_443814613
2015-02-14T12:12:46.294Z,499686102857878275_247905705
2015-02-16T09:00:31.578Z,850005363927714184_1441941441
2015-02-19T22:51:40.350Z,692078848781490993_7757981
2015-02-20T12:18:08.010Z,900603561313346161_1546125551
2015-02-19T11:54:22.082Z,678286067781790012_464398769
2015-02-19T15:45:37.541Z,910703241821946997_1683966536
2015-02-16T23:05:16.262Z,915707995672196752_1329015428
2015-02-17T15:28:50.935Z,922432553960943534_19501610
2015-02-17T12:47:34.425Z,922368906662798362_1457505024
2015-02-16T09:00:34.086Z,878387299522481716_1050249130
2015-02-20T19:59:16.023Z,924749613254503684_1574448514
2015-02-17T11:47:34.025Z,922337451111321852_1553095483
2015-02-19T14:56:10.618Z,923881123396432691_268578819
2015-02-18T11:41:36.832Z,923015220072423519_498503207
2015-02-16T09:00:32.716Z,914557403877161680_230119941
2015-02-19T15:45:38.298Z,921578967641769835_37199240
2015-02-14T13:12:46.456Z,906633992416562044_1376079641
2015-02-17T08:39:01.318Z,800115533149675220_580652598
2015-02-16T23:05:15.624Z,921928248987257251_1376079641
2015-02-20T16:22:12.522Z,924640224539503682_1574448514
2015-02-16T09:00:33.191Z,900735095265220088_1459145180
2015-02-19T11:54:22.358Z,893632086891078455_1546125551
2015-02-19T15:45:37.886Z,923735492050552446_1683966536
2015-02-19T15:45:37.687Z,916466514437604957_1683966536
2015-02-20T17:23:05.011Z,913804265320559719_49252764
2015-02-19T20:49:51.147Z,924070241266386855_866988152
2015-02-20T12:18:07.724Z,910308121229435478_1546125551
2015-02-16T09:00:32.294Z,781686467047360609_1441941441
2015-02-19T08:51:38.725Z,923680604892583548_27960660
2015-02-17T15:28:50.860Z,922441387638209881_248094814
2015-02-18T14:42:54.457Z,916850535901229488_266130315
2015-02-16T10:00:44.053Z,917188788788791539_297468713
2015-02-14T14:12:47.823Z,788178247346499814_46214555
2015-02-19T15:45:38.010Z,912950963387628716_1552126150
2015-02-14T12:12:45.395Z,920182504598251300_1251776768
2015-02-14T14:12:47.635Z,169471460020661334_19501610
2015-02-20T18:58:15.453Z,924703419334967655_1488435815
2015-02-19T15:45:37.852Z,920841163359389254_1683966536
2015-02-17T16:29:11.545Z,922484855144830999_12106397
2015-02-21T09:13:35.870Z,925150770826021192_232889321
2015-02-19T15:45:37.494Z,909952697654314876_1683966536
2015-02-16T11:00:32.705Z,881123355170407939_6288808
2015-02-16T23:05:16.393Z,908057216055938502_26459002
2015-02-17T16:29:11.680Z,922473513336015786_25331633
2015-02-16T10:00:43.623Z,848487466607878897_1546125551
2015-02-19T15:45:38.067Z,916462442665606505_1552126150
2015-02-16T23:05:16.403Z,766434458200531087_197502647
2015-02-17T20:36:08.619Z,922566237185163902_4673119
2015-02-19T10:52:46.642Z,923768914296590397_352153219
2015-02-18T04:38:58.489Z,922851903695870095_12106397
2015-02-17T16:29:11.644Z,911525268122792883_1056869123
2015-02-20T22:01:18.925Z,924832521240211932_1056869123
2015-02-18T14:42:54.451Z,917333449323639654_266130315
2015-02-17T09:39:00.865Z,922287739347429211_1457505024
2015-02-16T13:00:32.925Z,921644840460430433_29143530
2015-02-14T12:12:46.236Z,510974889973975613_247905705
2015-02-14T14:12:47.885Z,920147911328732884_642701092
2015-02-20T17:23:05.064Z,762865479360132660_49252764
2015-02-17T09:39:00.886Z,922282517195679502_1457505024
2015-02-17T21:36:28.622Z,922622889935532451_1056869123
2015-02-19T15:45:37.901Z,907829172642119385_1552126150
2015-02-19T15:45:37.636Z,915071907443246226_1683966536
2015-02-14T14:12:47.802Z,895700487055682793_19501610
2015-02-19T15:45:38.309Z,923825294685652334_37199240
2015-02-18T08:40:24.918Z,879903270655651460_35467202
2015-02-20T19:59:15.862Z,917167208732416702_235457165
2015-02-19T11:54:22.040Z,620383913520065030_464398769
2015-02-20T18:58:15.413Z,924044970141191299_1050249130
2015-02-14T17:12:47.780Z,920333557778910141_1376079641
2015-02-16T09:00:34.224Z,920870736090795611_26459002
2015-02-17T20:36:08.732Z,920854335385660192_5090665
2015-02-14T12:12:46.262Z,508117246351707105_247905705
2015-02-19T15:45:38.277Z,913771234800583815_37199240
2015-02-20T19:59:15.932Z,924439682005943170_1407253919
2015-02-17T10:48:00.664Z,922303892669097026_1457505024
2015-02-19T15:45:37.377Z,909507446758180568_1683966536
2015-02-18T12:42:01.668Z,923094223829961147_25331633
2015-02-16T09:00:34.409Z,918266523850864196_660899316
2015-02-18T09:40:48.595Z,428054336021622555_35467202
2015-02-17T08:39:01.270Z,790573550177656215_580652598
2015-02-17T10:48:01.235Z,922296130027415504_1457505024
2015-02-19T11:54:22.127Z,814990980900644885_464398769
2015-02-19T15:45:37.766Z,918718466294809936_1683966536
2015-02-19T15:45:37.960Z,911701178638794230_1552126150
2015-02-20T17:23:05.110Z,847679978021271275_49252764
2015-02-16T10:00:44.061Z,919350921479719114_297468713
2015-02-20T17:23:05.114Z,859715232332461587_49252764
2015-02-16T10:00:44.098Z,919376236478335475_297468713
2015-02-18T17:44:15.400Z,915970638001769010_1376079641
2015-02-14T21:13:13.967Z,810278498748827041_1486910992
2015-02-17T20:36:08.773Z,786860059983486530_682479230
2015-02-14T17:12:47.790Z,920328511309903473_476289764
2015-02-17T09:39:00.959Z,922265543216490036_1457505024
2015-02-21T19:25:18.749Z,925470894565401514_1546125551
2015-02-21T23:30:16.557Z,872368828267929905_1546125551
2015-02-19T11:54:22.054Z,670765391948736575_464398769
2015-02-17T09:39:00.919Z,922277625211152084_1457505024
2015-02-17T21:36:28.517Z,919466631329722725_268578819
2015-02-20T11:17:09.646Z,924495818459632589_316271971
2015-02-18T19:45:17.304Z,825446026734192618_1359349080
2015-02-20T23:02:24.715Z,296959286274321515_35467202
2015-02-17T21:36:28.532Z,922631534777755368_1457505024
2015-02-17T20:36:08.791Z,915338723263126991_682479230
2015-02-14T15:12:47.693Z,920255069406605499_268578819
2015-02-16T09:00:34.023Z,807752728762682506_1050249130
2015-02-16T09:00:34.533Z,796428690617482810_373623022
2015-02-19T15:45:38.383Z,743523254358513791_443814613
2015-02-20T17:23:05.153Z,915131026939525074_49252764
2015-02-19T15:45:38.152Z,923283839052283815_1552126150
2015-02-17T15:28:51.004Z,922407016230269219_268578819
2015-02-14T14:12:47.903Z,887582506793288660_42989335
2015-02-16T10:00:43.699Z,910897482089237049_297468713
2015-02-21T23:30:16.743Z,910910954324664942_1546125551
2015-02-19T15:45:37.511Z,910116490703275225_1683966536
2015-02-14T12:12:45.379Z,888482481152573033_16389206
2015-02-19T15:45:38.062Z,915074361488178636_1552126150
2015-02-19T15:45:37.746Z,814546778176016660_316271971
2015-02-16T23:05:16.379Z,912477429699217904_1376079641
2015-02-19T15:45:37.574Z,911416676373235648_1683966536
2015-02-19T15:45:38.232Z,908558002741724401_37199240
2015-02-20T11:17:09.501Z,924496407047152474_1509012791
2015-02-18T09:40:48.616Z,434005781422173296_35467202
2015-02-14T11:12:44.767Z,907918929832227242_292580043
2015-02-17T09:39:00.955Z,922270975418984062_1457505024
2015-02-20T07:58:39.324Z,919663689144742404_50199875
2015-02-21T23:30:16.572Z,876670932558062166_1546125551
2015-02-20T19:59:15.870Z,917192167835950062_235457165
2015-02-20T12:18:07.982Z,902139942653174143_1546125551
2015-02-20T22:01:19.288Z,924804780966891513_37006874
2015-02-18T11:41:38.165Z,923051486865446413_1459145180
2015-02-16T09:00:32.800Z,879655644620870114_322729819
2015-02-18T00:37:35.967Z,861802227231656187_1376079641
2015-02-18T14:42:54.472Z,917332554988974929_266130315
2015-02-16T09:00:33.256Z,921062256500532700_217753832
2015-02-14T12:12:45.387Z,918678749954817764_16389206
2015-02-16T09:00:33.271Z,921056746619528411_217753832
2015-02-16T09:00:34.345Z,887523085962473616_1056869123
2015-02-17T10:47:53.954Z,922314796517319886_1457505024
2015-02-18T08:40:24.644Z,870243307314375766_35467202
2015-02-16T13:00:32.917Z,921645671788260468_29143530
2015-02-17T11:47:34.015Z,922343776171615858_1457505024
2015-02-21T06:10:03.889Z,907144690737623269_50199875
2015-02-17T10:47:33.392Z,922318998975046917_1457505024
2015-02-17T20:36:08.754Z,922531613154419429_1139592247
2015-02-19T11:54:22.087Z,761421179695851532_464398769
2015-02-20T21:00:20.068Z,924794292303727065_224261185
2015-02-18T17:44:15.641Z,923231883515955564_1376079641
2015-02-19T20:49:51.156Z,731594426659323111_373623022
2015-02-20T16:22:12.491Z,924616806404332149_144596413
2015-02-19T16:46:44.650Z,923952466377077743_1056869123
2015-02-16T10:00:43.642Z,844108758908445090_1546125551
2015-02-20T19:59:16.014Z,924746505264944803_296546652
2015-02-16T10:00:43.436Z,602304431246641385_25331633
2015-02-20T12:18:08.254Z,924530000018551353_50199875
2015-02-18T20:45:53.517Z,923334586809308626_296546652
2015-02-19T15:45:37.699Z,916573417071183087_1683966536
2015-02-18T14:42:54.462Z,916824505798947528_266130315
2015-02-16T12:00:32.874Z,921628112969915351_12106397
2015-02-18T18:44:50.415Z,923269181822588578_296546652
2015-02-18T12:42:01.572Z,794282627922984296_5261854
2015-02-19T20:49:51.730Z,783239409682037795_373623022
2015-02-19T12:54:51.657Z,923828006627502504_1563376465
2015-02-18T08:40:24.545Z,542060687919311894_35467202
2015-02-20T15:21:21.848Z,889783848649395693_536692082
2015-02-18T09:40:48.589Z,417942772790751090_35467202
2015-02-20T10:16:22.758Z,924477894682182668_1562823808
2015-02-17T11:47:34.005Z,922349754918872463_1251776768
2015-02-18T12:42:01.689Z,794077859966205281_538314718
2015-02-19T15:45:37.868Z,922350067838879388_1683966536
2015-02-18T12:42:01.591Z,794574143367217025_5261854
2015-02-16T09:00:34.580Z,682094159983493009_373623022
2015-02-21T19:25:18.761Z,925395955987081568_264428161
2015-02-17T09:39:00.926Z,922275745105995455_1457505024
2015-02-17T15:28:51.153Z,922370087925286469_1562823808
2015-02-20T12:18:07.700Z,912313881392095626_1546125551
2015-02-16T10:00:44.087Z,919374686590732766_297468713
2015-02-17T10:48:01.170Z,922297247641659363_1457505024
2015-02-19T07:51:02.469Z,894971020653113919_50199875
2015-02-20T22:01:19.085Z,922413713569257257_254634004
2015-02-18T09:40:48.657Z,439587430222425655_35467202
2015-02-20T22:01:19.187Z,900593521090988982_1455242401
2015-02-21T09:13:34.461Z,925163668425410239_1683966536
2015-02-17T16:29:11.538Z,922487565537630294_12106397
2015-02-16T09:00:33.210Z,913216180762891664_1459145180
2015-02-16T09:00:33.409Z,921005204770504784_276057159
2015-02-20T18:58:15.443Z,924710436221748881_1683966536
2015-02-20T21:00:20.076Z,864486949464345172_1376079641
2015-02-20T18:58:15.397Z,767220899270135465_1050249130
2015-02-20T12:18:07.378Z,924538856044685639_1563376465
2015-02-18T11:41:36.860Z,923075158163102216_1121609901
2015-02-21T23:30:16.641Z,894235258365976668_1546125551
2015-02-14T14:12:47.646Z,243939392406236978_19501610
2015-02-20T18:58:15.311Z,924728485530234475_1574448514
2015-02-20T16:22:12.362Z,915895432158916910_1503943851
2015-02-14T14:12:47.625Z,160029074748157121_19501610
2015-02-20T17:23:05.099Z,808578827292456141_49252764
2015-02-18T08:40:24.925Z,922973295837327621_478045907
2015-02-20T21:00:19.850Z,924800436467698128_1376079641
2015-02-20T19:59:15.991Z,918035992568475569_37251098
2015-02-14T12:12:46.271Z,501460552406206858_247905705
2015-02-20T12:18:08.259Z,924519868303173251_1457505024
2015-02-16T23:05:15.688Z,921892114998439530_29143530
2015-02-19T23:52:21.576Z,475960013932442515_268578819
2015-02-21T16:20:56.695Z,922504037762384420_4673119
2015-02-14T11:12:44.819Z,920161900061306994_292580043
2015-02-21T16:20:56.712Z,923984466633867374_4673119
2015-02-20T23:02:24.649Z,292603359861567442_35467202
2015-02-17T09:39:00.878Z,922285471264394221_1678638569
2015-02-20T18:58:15.300Z,924735897126309750_488644354
2015-02-21T22:29:02.454Z,925566183363779057_195570197
2015-02-19T13:55:22.674Z,923841799018182904_1549737237
2015-02-18T11:41:36.826Z,915983066234019986_6432487
2015-02-19T20:49:50.982Z,924024665278109642_296546652
2015-02-16T14:00:34.018Z,921149192231494502_218206575
2015-02-21T11:16:18.061Z,925228264819835899_12993887
2015-02-17T09:47:33.492Z,922292759174342555_1457505024
2015-02-20T15:21:21.761Z,910990237417638976_536692082
2015-02-20T17:23:05.073Z,797186099962918175_49252764
2015-02-20T23:02:24.770Z,372358539796180204_35467202
2015-02-16T10:00:43.569Z,921566027332409445_198943541
2015-02-19T14:56:10.610Z,923883302353009701_1541927718
2015-02-20T23:02:24.719Z,370897372812832299_35467202
2015-02-21T23:30:16.737Z,909286471453155999_1546125551
2015-02-18T06:39:39.431Z,922910623341686416_29143530
2015-02-21T16:20:56.625Z,925383474264006385_254195374
2015-02-16T23:05:15.741Z,921890378430754340_29143530
2015-02-21T14:19:49.036Z,925321054744457217_268578819
2015-02-19T14:56:10.224Z,923899525955875400_1056869123
2015-02-20T23:02:24.594Z,167670566594179053_35467202
2015-02-22T10:44:20.906Z,699098730011575278_3019367
2015-02-22T10:44:22.069Z,924034802125128260_3019367
2015-02-22T10:44:22.078Z,924705599311331874_3019367
2015-02-22T10:44:21.891Z,920409206572729261_3019367
2015-02-22T10:44:20.926Z,915132188209726365_3019367
2015-02-23T09:19:58.887Z,924509855837883028_25636057
2015-02-22T10:44:22.035Z,921103767125115778_3019367
2015-02-22T10:44:22.061Z,924704996178805268_3019367
2015-02-22T10:44:20.915Z,925934027658535894_1546125551
2015-02-22T10:44:21.144Z,922438248603861305_3019367
2015-02-20T23:02:24.632Z,272177493377707461_35467202
2015-02-18T21:46:32.771Z,923355578854565172_1457505024
2015-02-16T13:00:32.911Z,921649047842270382_29143530
2015-02-20T11:17:09.660Z,924496628595844338_1457505024
2015-02-18T06:39:39.414Z,922911433085628061_29143530
2015-02-16T09:00:32.435Z,921544371536906389_1678638569
2015-02-18T20:45:53.486Z,923346599084581921_1457505024
2015-02-21T06:10:03.805Z,797643032895435385_50199875
2015-02-18T12:42:01.682Z,923081788329321640_1457505024
2015-02-19T19:49:04.709Z,924031945946570655_682479230
2015-02-19T14:56:10.294Z,923895486302286732_431117203
2015-02-20T23:02:24.708Z,292618303730510935_35467202
2015-02-21T09:13:34.616Z,925160745918594271_5261854
2015-02-16T23:05:16.355Z,921843287023823566_230827185
2015-02-21T12:17:29.281Z,925249335131274538_1541927718
2015-02-20T17:23:05.159Z,873148049524460637_214163778
2015-02-19T21:50:55.487Z,924102538489743545_1678638569
2015-02-17T20:36:08.624Z,922560506168895281_1457505024
2015-02-23T09:19:56.941Z,926251773367193413_536692082
2015-02-23T09:19:57.961Z,926162180726326496_1683966536
2015-02-23T09:19:58.811Z,926125268394351945_580652598
2015-02-23T09:19:57.338Z,926172399098708039_1488435815
2015-02-18T21:46:32.766Z,923357401254487405_1457505024
2015-02-22T10:44:22.042Z,921839837915661113_3019367
2015-02-22T11:45:46.128Z,925976954148848089_857193935
2015-02-22T10:44:22.056Z,924034386301829689_3019367
2015-02-23T09:19:58.231Z,412225370200935670_214163778
2015-02-23T09:19:58.408Z,646478101017725976_214163778
2015-02-23T09:19:58.969Z,926042609996813199_177653859
2015-02-22T10:44:21.148Z,917379161369362641_3019367
2015-02-23T09:19:59.085Z,926052917306273378_220799170
2015-02-22T10:44:20.655Z,694867119682372495_3019367
2015-02-22T10:44:20.831Z,698315315175768220_3019367
2015-02-16T14:00:33.990Z,921690170132475851_29143530
2015-02-23T09:19:58.727Z,926128921548259244_1653606630
2015-02-23T09:19:55.554Z,926261340300384412_443814613
2015-02-22T01:32:44.630Z,925667900488276513_12106397
2015-02-23T09:19:59.370Z,926047652431343063_220799170
2015-02-23T09:19:59.429Z,926033231465089090_533088009
2015-02-20T18:58:15.373Z,766496381564128342_1050249130
2015-02-20T23:02:24.608Z,197710243036294251_35467202
2015-02-21T21:27:43.429Z,925534687648647438_25331633
2015-02-21T12:17:29.326Z,925243260083301049_1563376465
2015-02-23T09:19:58.939Z,926107039941717203_1574448514
2015-02-16T09:00:33.265Z,921061086088390041_217753832
2015-02-20T11:17:09.473Z,924497497689187589_1457505024
2015-02-18T15:43:21.239Z,923182516732938539_1678638569
2015-02-20T23:02:24.613Z,200680119413665262_35467202
2015-02-19T19:49:04.744Z,708855963817483765_682479230
2015-02-17T20:36:08.628Z,922556805551253200_1457505024
2015-02-18T09:40:48.606Z,432454337422323670_35467202
2015-02-16T11:00:32.680Z,921596066645366649_635649820
2015-02-16T09:00:33.135Z,921215571825564157_403308621
2015-02-20T12:18:08.264Z,910858194924892397_1056869123
2015-02-21T23:30:16.465Z,853114221536781289_1546125551
2015-02-21T23:30:16.748Z,905122392792306881_281362244
2015-02-21T14:19:49.052Z,925306418919565340_1563376465
2015-02-19T17:47:43.775Z,923955326730448634_19501610
2015-02-16T09:00:33.417Z,921000655401894835_276057159
2015-02-16T09:00:32.549Z,682585003147913003_1202022296
2015-02-20T23:02:24.624Z,272176456596090303_35467202
2015-02-19T23:52:21.598Z,423051692099744146_268578819
2015-02-21T23:30:16.628Z,892930579312976336_1546125551
2015-02-20T22:01:19.143Z,888525139839650091_1455242401
2015-02-21T23:30:16.612Z,880282349777494052_1546125551
2015-02-21T23:30:16.455Z,852011814899720652_1546125551
2015-02-20T17:23:05.119Z,870260198523746244_49252764
2015-02-20T18:58:15.305Z,924709284876015065_301885660
2015-02-21T06:10:03.921Z,873832406963729046_50199875
2015-02-18T19:45:17.125Z,736074888241989342_1359349080
2015-02-19T13:55:22.592Z,923861385115362448_1457505024
2015-02-19T18:48:25.525Z,923999883240343654_247905705
2015-02-14T11:12:44.777Z,911368961273147439_292580043
2015-02-21T16:20:56.720Z,925364950274599943_1574448514
2015-02-19T13:55:22.668Z,923842442204951394_478045907
2015-02-20T22:01:19.255Z,924804212772917220_37006874
2015-02-17T08:39:01.115Z,922249575870260510_1457505024
2015-02-19T15:45:37.268Z,733495019372786511_268578819
2015-02-14T12:12:45.442Z,783516374059911533_247905705
2015-02-17T12:47:34.443Z,922363353907619769_1457505024
2015-02-18T19:45:17.163Z,758725891751659110_1359349080
2015-02-19T19:49:04.691Z,924045017217729571_1562823808
2015-02-18T09:40:48.552Z,923006474929752612_1655276201
2015-02-20T21:00:20.092Z,923750715194555616_373623022
2015-02-20T21:00:20.058Z,786815088530502390_46214555
2015-02-21T11:16:18.255Z,925209676017572184_443814613
2015-02-19T21:50:55.298Z,924102785811073217_1678638569
2015-02-20T18:58:15.421Z,924712766819130681_254195374
2015-02-19T11:54:21.963Z,500589259933804953_464398769
2015-02-19T05:50:00.973Z,738339418590398008_1359349080
2015-02-16T23:05:15.795Z,921883967033990729_1050328094
2015-02-21T17:22:26.756Z,925393732252502514_1376079641
2015-02-21T23:30:16.493Z,857927559986848516_1546125551
2015-02-21T06:10:03.944Z,702688765147885723_50199875
2015-02-19T17:47:43.470Z,923981448455112808_1678638569
2015-02-16T09:00:32.929Z,788447805642205047_1050663928
2015-02-16T09:00:32.527Z,687671653469251523_1202022296
2015-02-21T16:20:56.670Z,921111115066295077_4673119
2015-02-19T21:50:55.474Z,924102670316718269_1678638569
2015-02-16T23:05:16.124Z,893465256271069207_4673119
2015-02-19T17:47:43.458Z,910938776832297835_1678638569
2015-02-19T14:56:10.635Z,923870833951139188_1457505024
2015-02-19T09:52:16.039Z,923734493422083390_22583254
2015-02-19T15:45:38.083Z,917928152206016234_1552126150
2015-02-21T14:19:49.059Z,925297786529399285_44760655
2015-02-19T11:54:21.923Z,923803707324707770_46214555
2015-02-20T17:23:05.069Z,764590935788697045_49252764
2015-02-19T11:54:21.930Z,923798669377958349_1056869123
2015-02-20T17:23:05.021Z,915372983720818683_49252764
2015-02-20T18:58:15.290Z,924739229878172752_16389206
2015-02-21T23:30:16.373Z,849926962108998182_1546125551
2015-02-14T12:12:46.436Z,789576813318795429_1056869123
2015-02-14T13:12:46.526Z,766481217423927280_1258946016
2015-02-17T09:39:00.904Z,921114837492815693_296546652
2015-02-21T02:05:30.949Z,924934192467243153_1420672011
2015-02-18T19:45:17.119Z,903568812451334911_1376079641
2015-02-19T15:45:37.930Z,909276342108946073_1552126150
2015-02-18T09:40:48.738Z,467324623183310606_35467202
2015-02-19T16:46:46.079Z,923930302438761471_1245481335
2015-02-17T09:39:00.946Z,922273255878846114_1457505024
2015-02-20T23:02:24.849Z,924838829947558212_195570197
2015-02-19T15:45:37.730Z,918632448233309459_1683966536
2015-02-17T16:29:11.649Z,917516290514514183_1056869123
2015-02-18T02:38:16.881Z,922799982364972526_296546652
2015-02-14T13:12:46.481Z,696348017171621693_1258946016
2015-02-17T15:28:50.876Z,922438128676571414_247905705
2015-02-16T10:00:43.445Z,715822948536650230_25331633
2015-02-17T10:48:00.930Z,922300650782483468_1457505024
2015-02-19T15:45:38.223Z,904399052337202445_37199240
2015-02-17T15:28:51.180Z,922380430028167079_296546652
2015-02-17T01:07:50.883Z,920348891500205048_322729819
2015-02-20T15:21:21.840Z,843378828865735833_536692082
2015-02-18T18:44:50.438Z,870536120420043389_1376079641
2015-02-20T18:58:15.329Z,776128576717098945_1050249130
2015-02-17T16:29:11.657Z,710713315931983789_488644354
2015-02-20T16:22:12.447Z,923152381338465164_1503943851
2015-02-20T23:02:24.619Z,924857038507874729_443814613
2015-02-18T18:44:50.443Z,923268360562491265_373623022
2015-02-14T14:12:47.775Z,855343377076006506_19501610
2015-02-19T13:55:22.632Z,923852169585199479_25331633
2015-02-19T11:54:22.035Z,504866167932512956_464398769
2015-02-14T16:12:47.807Z,920291105277938305_247905705
2015-02-21T23:30:16.524Z,862193035017495294_1546125551
2015-02-17T15:28:50.809Z,922456755211305290_573255479
2015-02-20T19:59:15.954Z,924754434976674182_1056869123
2015-02-17T10:48:00.644Z,922304686030087240_1457505024
2015-02-18T11:41:38.145Z,923052785029207635_296546652
2015-02-14T14:12:47.762Z,783107266312744712_19501610
2015-02-18T11:41:36.809Z,888466907742003650_6432487
2015-02-16T09:00:32.491Z,704243815709664635_1202022296
2015-02-16T09:00:34.126Z,178188766375523280_46214555
2015-02-14T12:12:46.475Z,594137756094940283_502518056
2015-02-14T14:12:47.692Z,416199222259953310_19501610
2015-02-17T20:36:08.537Z,691853111740194331_254195374
2015-02-19T15:45:37.559Z,910877360056173621_1683966536
2015-02-18T09:40:48.707Z,464344796943773025_35467202
2015-02-19T23:52:21.325Z,924158327179916273_46214555
2015-02-19T19:49:04.716Z,908909329657662222_1376079641
2015-02-17T15:28:51.097Z,803085136141323205_25331633
2015-02-20T22:01:19.114Z,923116672651725562_1455242401
2015-02-19T07:51:02.885Z,718637117152702744_50199875
2015-02-20T19:59:15.966Z,863583748686908136_1376079641
2015-02-14T13:12:47.039Z,692003223074094089_16389206
2015-02-19T23:52:21.492Z,411522235224535686_268578819
2015-02-17T09:39:00.899Z,922281199613798144_1457505024
2015-02-16T23:05:16.110Z,854294107616494214_4673119
2015-02-17T20:36:08.823Z,922510600204397816_29143530
2015-02-18T08:40:24.610Z,870234438500511005_35467202
2015-02-19T21:50:55.118Z,897757993104870227_1376079641
2015-02-16T10:00:43.586Z,921562858339727934_1355541
2015-02-19T08:51:38.717Z,923696805336286806_1562823808
2015-02-19T21:50:55.582Z,924091448155474717_1376079641
2015-02-16T23:05:15.786Z,921885816294235769_1050328094
2015-02-14T14:12:47.641Z,168973323204112161_19501610
2015-02-18T19:45:17.096Z,899917841321921756_637715482
2015-02-20T22:01:19.241Z,625487679487176289_19373546
2015-02-21T10:14:55.466Z,925195808671310052_1546125551
2015-02-20T12:18:08.238Z,902800418730976147_1546125551
2015-02-14T11:12:44.742Z,906664908601471796_292580043
2015-02-17T10:48:00.499Z,922308488820974707_1457505024
2015-02-17T20:36:08.662Z,922555970931007034_682479230
2015-02-20T12:18:07.469Z,916771929410020190_1546125551
2015-02-18T10:41:11.084Z,923029431931574738_195570197
2015-02-20T07:58:39.248Z,924399118538407689_1541927718
2015-02-20T12:18:08.214Z,893689633958306127_1546125551
2015-02-18T20:45:53.494Z,923343543820235769_478045907
2015-02-14T17:12:47.794Z,920323937916319167_476289764
2015-02-20T19:59:15.923Z,924750990435538726_296546652
2015-02-20T15:21:21.936Z,912460301864638525_344519709
2015-02-14T14:12:47.895Z,920209260977132826_642701092
2015-02-17T09:39:00.990Z,920142226781561503_6432487
2015-02-16T09:00:33.311Z,666816683372385291_261688524
2015-02-14T14:12:47.812Z,688478207440131831_642701092
2015-02-20T19:59:15.910Z,923796537620944909_235457165
2015-02-19T15:45:38.214Z,902989809629414451_37199240
2015-02-16T23:05:16.136Z,905141948995650298_4673119
2015-02-14T13:12:46.633Z,843557617020167948_1258946016
2015-02-16T09:00:32.107Z,789175495623608988_1441941441
2015-02-16T10:00:43.171Z,597672852499040607_25331633
2015-02-16T23:05:16.428Z,828876284966298297_197502647
2015-02-14T12:12:45.452Z,707098837588314498_247905705
2015-02-18T12:42:01.698Z,814426222303306718_6432487
2015-02-16T09:00:33.221Z,921174823329672223_19501610
2015-02-21T23:30:16.670Z,897829303709377506_1546125551
2015-02-16T09:00:34.467Z,919546187166333678_1564656869
2015-02-19T15:45:37.429Z,909508088612521709_1683966536
2015-02-14T12:12:46.486Z,684895519980373710_502518056
2015-02-20T22:01:19.193Z,626176236556086934_19373546
2015-02-16T14:00:34.012Z,921674808349889075_359711987
2015-02-14T13:12:46.725Z,852141825758062050_1258946016
2015-02-18T20:45:53.543Z,910731534351276746_55604165
2015-02-16T09:00:31.754Z,828809316425698075_1441941441
2015-02-19T10:52:46.404Z,923770524470386938_1546125551
2015-02-14T12:12:45.359Z,879843261072654188_16389206
2015-02-16T15:00:34.323Z,890631274757697842_14764683
2015-02-18T16:43:47.068Z,923191017521893377_306958667
2015-02-16T10:00:43.635Z,847780872983192249_1546125551
2015-02-20T11:17:08.389Z,924511195129576759_1552126150
2015-02-18T00:37:36.210Z,816099101774481924_1376079641
2015-02-19T21:50:55.493Z,666007602550238375_19373546
2015-02-16T09:00:34.504Z,887934167985110229_373623022
2015-02-19T15:45:38.052Z,914346674264079863_1552126150
2015-02-14T12:12:45.523Z,511726749844441921_247905705
2015-02-20T16:22:12.402Z,908831989677437280_1503943851
2015-02-14T13:12:47.008Z,658851852925910166_16389206
2015-02-19T22:51:40.316Z,821587676081592773_7757981
2015-02-20T11:17:08.570Z,591297061034301952_7757981
2015-02-14T17:12:47.809Z,920315968854139092_1509012791
2015-02-19T15:45:37.798Z,923917917047155788_1574448514
2015-02-19T15:45:38.142Z,923044898311109870_1552126150
2015-02-16T23:05:16.217Z,892053597121328177_1329015428
2015-02-19T19:49:04.756Z,924021003040255970_1574448514
2015-02-19T15:45:37.322Z,909499697102063126_1683966536
2015-02-20T16:22:12.465Z,924645131304758476_1574448514
2015-02-14T14:12:47.739Z,768724872008903793_19501610
2015-02-14T13:12:46.620Z,841337459857942148_1258946016
2015-02-18T11:41:36.820Z,914425709154722181_6432487
2015-02-14T12:12:45.341Z,883205349644025673_16389206
2015-02-17T09:39:00.999Z,903776124992414286_6432487
2015-02-18T12:42:01.731Z,865044252565365566_6432487
2015-02-17T10:48:00.751Z,922300326632290835_1292482365
2015-02-14T12:12:45.459Z,700016531409144668_247905705
2015-02-14T14:12:47.727Z,703934012939906918_19501610
2015-02-17T00:06:07.411Z,609934300015199742_6288808
2015-02-16T23:05:16.417Z,793273260546023727_197502647
2015-02-20T18:58:15.272Z,924738613156219118_232889321
2015-02-18T19:45:17.311Z,923289958585442668_1509012791
2015-02-16T10:00:43.650Z,908556600241424600_297468713
2015-02-16T09:00:33.326Z,799395895668315387_261688524
2015-02-19T15:45:37.825Z,919448713361360882_1683966536
2015-02-20T19:59:15.845Z,924772018494733818_1653606630
2015-02-17T09:39:00.968Z,906510184604951465_6432487
2015-02-20T12:18:07.756Z,924534210368988226_1050663928
2015-02-14T14:12:47.701Z,426858992784452813_19501610
2015-02-17T09:39:00.910Z,922278704784725287_296546652
2015-02-14T12:12:45.468Z,676844582004788135_247905705
2015-02-18T18:44:50.452Z,923263091113058149_254195374
2015-02-20T12:18:07.918Z,907026542021353636_1546125551
2015-02-16T10:00:43.576Z,894170362813370646_988847835
2015-02-19T15:45:38.284Z,915839653880415805_37199240
2015-02-19T13:55:22.655Z,884314778272047806_1546125551
2015-02-16T23:05:15.662Z,921861290603435356_296546652
2015-02-14T13:12:46.515Z,731774901434705168_1258946016
2015-02-16T23:05:15.854Z,874827664886033845_19373546
2015-02-14T12:12:45.288Z,817829591124130960_16389206
2015-02-18T08:40:24.931Z,917505135191230650_1103907785
2015-02-16T09:00:34.389Z,919740295640281840_1056869123
2015-02-20T15:21:21.984Z,924614528661506381_1360605561
2015-02-19T12:54:51.664Z,923705904558286765_364987088
2015-02-20T16:22:12.554Z,923828927144567755_1205152983
2015-02-20T11:17:09.664Z,924492089950649223_1280577733
2015-02-16T09:00:33.937Z,920925988542976462_1553095483
2015-02-17T20:36:08.581Z,922587765071112670_1279863033
2015-02-17T08:39:01.370Z,888401096746770318_580652598
2015-02-17T09:39:01.035Z,908004934986162472_6432487
2015-02-14T19:13:12.941Z,920380522690181543_1549737237
2015-02-20T18:58:15.356Z,924721732790034458_1546125551
2015-02-14T13:12:46.467Z,696331413717247437_1258946016
2015-02-18T10:41:11.098Z,923020357781363014_195570197
2015-02-17T08:39:01.695Z,919346402049078331_49252764
2015-02-18T01:37:56.295Z,867883738098010872_1103907785
2015-02-16T10:00:43.142Z,904240530763015728_1202022296
2015-02-16T15:00:34.344Z,920188672836973377_14764683
2015-02-17T09:39:00.828Z,922290201718750313_1203024414
2015-02-17T20:36:08.608Z,922582858982793964_1546125551
2015-02-19T15:45:38.122Z,919466454218309275_1552126150
2015-02-16T15:00:34.331Z,817839137738011315_14764683
2015-02-19T15:45:38.425Z,905171955450649368_443814613
2015-02-19T15:45:38.100Z,918629838872510363_1552126150
2015-02-16T23:05:16.478Z,884708960499228967_197502647
2015-02-17T00:06:07.405Z,572324886387328586_6288808
2015-02-14T12:12:46.510Z,894024753532093942_502518056
2015-02-19T11:54:22.368Z,891862698676495286_1546125551
2015-02-14T12:12:45.267Z,838142882824175119_16389206
2015-02-17T00:06:07.417Z,627405707292673807_6288808
2015-02-16T10:00:43.597Z,854814546845016478_1546125551
2015-02-19T15:45:38.133Z,921890952804695271_1552126150
2015-02-17T15:28:50.734Z,905226954482426323_1546125551
2015-02-17T09:39:00.848Z,922289111157767249_1203024414
2015-02-14T13:12:46.492Z,709308967747053164_1258946016
2015-02-20T14:20:20.298Z,921511968194750981_254045313
2015-02-18T15:43:21.266Z,923067782517118798_27960660
2015-02-18T11:41:37.345Z,836805567162613572_50914862
2015-02-14T13:12:46.433Z,919493496836025309_264428161
2015-02-16T10:00:44.074Z,829573537967213367_25331633
2015-02-14T21:13:14.019Z,916038827960666051_1486910992
2015-02-16T23:05:15.846Z,857379367426681896_19373546
2015-02-18T19:45:17.081Z,923311851368279972_1574448514
2015-02-16T09:00:34.195Z,895457662668410066_1050249130
2015-02-16T11:00:32.710Z,918689217494353745_6288808
2015-02-16T14:00:33.937Z,867269890640748621_1546125551
2015-02-16T09:00:34.149Z,920914450768824394_25331633
2015-02-18T22:46:59.400Z,923317797087439362_264428161
2015-02-16T09:00:33.880Z,920947123752131592_306847678
2015-02-16T09:00:33.088Z,921502728328102185_1488435815
2015-02-16T09:00:33.865Z,889963132968013635_1050249130
2015-02-16T09:00:34.452Z,920529514031319567_25331633
2015-02-16T10:00:43.473Z,862886040540061710_1546125551
2015-02-16T09:00:34.173Z,898358538718448963_1050249130
2015-02-16T11:00:32.686Z,921164347268491655_264428161
2015-02-16T09:00:33.381Z,921013580401112106_45181948
2015-02-17T09:47:33.604Z,922290701755284598_1203024414
2015-02-18T12:42:01.639Z,870322884199644825_5261854
2015-02-17T15:28:51.077Z,792789399897737472_25331633
2015-02-20T18:58:15.338Z,916597008901377510_1050249130
2015-02-16T10:00:43.592Z,919053020694690863_16389206
2015-02-18T12:42:01.521Z,923104318809964413_50914862
2015-02-16T09:00:32.121Z,787779450402408715_1441941441
2015-02-16T09:00:32.988Z,921517061424462662_1280577733
2015-02-16T23:05:15.833Z,842833028013583702_19373546
2015-02-20T12:18:08.249Z,904533802175996137_1546125551
2015-02-14T12:12:46.421Z,481248483161606594_247905705
2015-02-17T22:36:49.305Z,626956495916609809_268578819
2015-02-16T23:05:16.439Z,833838634035143146_197502647
2015-02-17T16:29:11.616Z,903834531289658288_1056869123
2015-02-18T11:41:38.121Z,923068702028918735_1574448514
2015-02-14T14:12:47.756Z,782324301030829311_19501610
2015-02-19T15:45:38.362Z,733432663587167215_443814613
2015-02-19T22:51:40.364Z,828243353084532762_7757981
2015-02-20T15:21:21.895Z,924626611033340478_14950253
2015-02-14T17:12:47.767Z,920338495268878008_45181948
2015-02-20T16:22:11.895Z,924664100099812354_1469205090
2015-02-18T01:37:56.303Z,910698455610657660_1103907785
2015-02-18T14:42:54.467Z,916741295865918147_266130315
2015-02-16T09:00:33.153Z,921198900998639291_865830066
2015-02-19T15:45:38.345Z,731787520421403097_443814613
2015-02-19T18:48:25.554Z,923996856589090708_1552126150
2015-02-16T23:05:16.519Z,921768337109005165_9626387
2015-02-16T10:00:43.541Z,852890000143459288_1546125551
2015-02-17T11:47:33.898Z,918290511574901600_1546125551
2015-02-17T09:39:01.015Z,915149725742064630_6432487
2015-02-14T13:12:47.023Z,674723291755298540_16389206
2015-02-18T14:42:54.512Z,923144602117784389_1488435815
2015-02-16T11:00:32.692Z,921093961629657310_264428161
2015-02-17T09:39:00.870Z,922284931693214722_1203024414
2015-02-19T15:45:38.417Z,909644449633016446_443814613
2015-02-18T13:42:28.877Z,923129359228248595_1546125551
2015-02-14T14:12:47.866Z,918754773173365244_264428161
2015-02-14T11:12:44.785Z,915300367212785790_292580043
2015-02-14T18:12:49.920Z,915259837849182557_1205152983
2015-02-17T08:39:01.939Z,915143160523628740_5372279
2015-02-16T09:00:33.833Z,920973485490878180_1575703884
2015-02-17T08:39:01.822Z,897067052888728215_5372279
2015-02-17T12:47:34.436Z,922361294945474078_635649820
2015-02-16T23:05:15.638Z,921900090600681528_22942523
2015-02-17T20:36:08.482Z,905682613495179262_364987088
2015-02-16T09:00:34.098Z,892877305641209772_1050249130
2015-02-16T09:00:34.185Z,889693967233355518_1050249130
2015-02-16T23:05:16.290Z,921855931694115894_1574448514
2015-02-17T11:47:33.977Z,922351027690295872_352153219
2015-02-17T10:48:00.620Z,919518494314767190_1546125551
2015-02-18T11:41:37.301Z,825830192668475153_50914862
2015-02-17T20:36:08.713Z,891082803876882611_5090665
2015-02-17T15:28:50.991Z,922401127132275492_5372279
2015-02-17T15:28:50.886Z,922437032673487196_291462761
2015-02-17T20:36:08.686Z,854449228176059240_5090665
2015-02-17T15:28:50.793Z,922459533199581713_1546125551
2015-02-18T20:45:53.522Z,892002917819685247_55604165
2015-02-16T23:05:16.188Z,881392143271638967_1329015428
2015-02-17T11:47:33.966Z,918653467810636152_1546125551
2015-02-17T22:36:49.319Z,922614097448627184_264428161
2015-02-16T09:00:34.111Z,891099550478011935_1050249130
2015-02-14T12:12:45.512Z,516760974436010227_247905705
2015-02-17T00:06:07.396Z,921973908630506420_25331633
2015-02-19T16:46:46.093Z,923927645967131320_1546125551
2015-02-17T20:36:08.440Z,922609874348234620_635649820
2015-02-16T23:05:15.946Z,846160109205411069_635649820
2015-02-19T21:50:55.551Z,895767551839530380_19373546
2015-02-18T17:44:15.260Z,923241818169759135_635649820
2015-02-17T20:36:08.668Z,843989303100599174_5090665
2015-02-16T23:05:16.276Z,918115633601099123_1329015428
2015-02-18T18:44:50.429Z,923278329055957378_352153219
2015-02-18T18:44:50.424Z,923278178673369097_498503207
2015-02-16T10:00:44.129Z,855056269316819535_25331633
2015-02-18T11:41:37.997Z,845361206809853705_50914862
2015-02-16T09:00:33.372Z,921017772147444143_1103907785
2015-02-18T07:40:04.275Z,922947922982388390_1488435815
2015-02-16T23:05:16.240Z,906652857393395057_1329015428
2015-02-17T15:28:50.819Z,922405904304583609_50199875
2015-02-16T09:00:34.265Z,920841290932331042_1546125551
2015-02-17T20:36:08.470Z,865163572863345717_364987088
2015-02-17T20:36:08.691Z,886020495039424782_5090665
2015-02-17T20:36:08.676Z,855602489566325389_5090665
2015-02-16T23:05:16.071Z,683014137685213095_50914862
2015-02-16T12:00:32.900Z,921609992646654252_254957525
2015-02-19T15:45:38.248Z,909423768735205285_37199240
2015-02-14T14:12:47.790Z,920230922201827411_1103907785
2015-02-18T14:42:54.478Z,923155375365733241_1280577733
2015-02-16T10:00:44.104Z,921554468297286597_1546125551
2015-02-18T11:41:36.886Z,802574386116427141_50914862
2015-02-18T11:41:38.137Z,923067022626572314_1360605561
2015-02-18T11:41:37.325Z,835185884160327322_50914862
2015-02-17T09:39:01.024Z,922264905482925333_45181948
2015-02-18T11:41:38.028Z,907413053569127747_27960660
2015-02-16T23:05:16.460Z,870896520493883770_197502647
2015-02-16T10:00:43.723Z,784621537672661747_25331633
2015-02-19T11:54:22.363Z,891392782177444712_1546125551
2015-02-18T22:46:59.413Z,910914421218488960_281340139
2015-02-14T13:12:46.376Z,916738951655549559_264428161
2015-02-16T10:00:44.158Z,904828794111952906_1441941441
2015-02-14T13:12:46.409Z,911676904945314779_264428161
2015-02-18T11:41:38.127Z,923066613533215658_1103907785
2015-02-17T20:36:08.722Z,917338881132227341_5090665
2015-02-18T10:41:10.911Z,923040505242801197_635649820
2015-02-16T23:05:16.232Z,904175297866676204_1329015428
2015-02-17T20:36:08.543Z,922593909089809718_1575703884
2015-02-16T14:00:34.023Z,921668657604786603_1292482365
2015-02-16T23:05:16.491Z,916605007177539653_197502647
2015-02-16T09:00:32.964Z,823226977321052060_1050663928
2015-02-16T15:00:34.376Z,890021926050242660_1546125551
2015-02-19T17:47:43.605Z,923970634865492524_1488435815
2015-02-16T09:00:32.347Z,774891768177396555_1441941441
2015-02-16T10:00:44.137Z,916107186040047673_25331633
2015-02-19T21:50:55.830Z,923934403924232817_145497721
2015-02-14T13:12:46.991Z,624073627263942253_16389206
2015-02-19T15:45:38.111Z,918940191321882315_1552126150
2015-02-14T18:12:49.936Z,920258574736597374_1205152983
2015-02-16T09:00:34.056Z,816039209344208238_1050249130
2015-02-16T09:00:34.422Z,920808691512031510_1280577733
2015-02-16T09:00:34.479Z,920800694759113553_1488435815
2015-02-16T09:00:33.361Z,921006777628705674_1159534687
2015-02-16T09:00:33.229Z,921086705963587321_635649820
2015-02-16T09:00:34.244Z,920855829316406612_1050249130
2015-02-16T09:00:34.209Z,896936464829418585_1050249130
2015-02-16T09:00:33.794Z,920996127482190317_55111413
2015-02-16T10:00:43.708Z,915916506311926068_5372279
2015-02-16T23:05:15.991Z,849771973059499316_635649820
2015-02-16T16:00:49.830Z,921736083158030194_635649820
2015-02-16T09:00:34.158Z,890318718209396310_1050249130
2015-02-16T23:05:16.034Z,854831853537548125_635649820
2015-02-16T23:05:15.880Z,831660709288564292_635649820
2015-02-16T23:05:15.862Z,831178152272942558_635649820
2015-02-16T23:05:16.056Z,855198953116489127_635649820
2015-02-17T00:06:07.423Z,921754655903541933_264428161
2015-02-14T20:13:04.057Z,920406058200631626_145497721
2015-02-17T08:39:01.481Z,922226962163613712_1488435815
2015-02-14T12:12:46.461Z,920167480870799869_1103907785
2015-02-16T23:05:16.018Z,851204310611744239_635649820
2015-02-17T08:39:01.651Z,922223480224306669_635649820
2015-02-17T10:48:00.648Z,920244111700173364_1546125551
2015-02-16T10:00:43.460Z,865803571818963786_1546125551
2015-02-17T08:39:01.772Z,893274401924162060_5372279
2015-02-17T00:06:07.430Z,921854411568933307_264428161
2015-02-17T08:39:01.428Z,922229443840320483_1497445135
2015-02-16T23:05:16.098Z,912370805522602702_617581829
2015-02-16T23:05:15.888Z,834628452434531443_635649820
2015-02-17T08:39:01.846Z,897853274066231673_5372279
2015-02-17T20:36:08.513Z,922594175728925308_1280577733
2015-02-17T15:28:50.832Z,922444608012978555_1441941441
2015-02-16T09:00:33.954Z,890489192532970868_1050249130
2015-02-18T11:41:37.261Z,815615347327237907_50914862
2015-02-18T11:41:37.218Z,812166040569773348_50914862
2015-02-17T20:36:08.496Z,917273166439556218_364987088
2015-02-18T11:41:37.840Z,840319395762535804_50914862
2015-02-18T11:41:38.097Z,917904626304046649_27960660
2015-02-18T11:41:38.074Z,917406780949681244_27960660
2015-02-18T11:41:36.874Z,793147204591943077_50914862
2015-02-18T11:41:38.056Z,913152020922913905_27960660
2015-02-18T11:41:36.866Z,781557935859564319_50914862
2015-02-18T11:41:37.822Z,838977746008538493_50914862
2015-02-18T10:41:11.018Z,923033506480307071_1591665685
2015-02-16T14:00:33.995Z,921683708593900771_865830066
2015-02-17T11:47:33.890Z,915956716129525974_1546125551
2015-02-18T11:41:38.020Z,848274535815577238_50914862
2015-02-14T09:12:44.486Z,920076157859971337_1488435815
