_id,timestamp
650577073975077625_501759873,2014-12-07T12:40:24.633Z
866590096584616415_501759873,2014-12-07T12:40:24.641Z
755630335144503803_501759873,2014-12-07T12:40:24.644Z
771592719654726466_501759873,2014-12-07T12:40:24.647Z
770159300668304094_501759873,2014-12-07T12:40:24.648Z
849196037155072525_501759873,2014-12-07T12:40:24.652Z
870211134562757019_54358321,2014-12-07T13:40:25.745Z
854176081494799399_243687172,2014-12-07T13:40:25.758Z
802289782439466131_9993764,2014-12-07T14:40:27.088Z
760251409181103523_9993764,2014-12-07T14:40:27.094Z
856639320063762604_227270535,2014-12-07T14:40:27.099Z
870250247102321966_9993764,2014-12-07T14:40:27.102Z
869626681701720458_227270535,2014-12-07T14:40:27.106Z
870307632998661889_245098214,2014-12-07T16:40:29.053Z
870296514964417968_1574448514,2014-12-07T16:40:29.055Z
795806514617505702_14638572,2014-12-07T16:40:29.059Z
861287043226610561_291462761,2014-12-07T16:40:29.060Z
867522644461213321_14638572,2014-12-07T16:40:29.063Z
846244750652287270_291462761,2014-12-07T16:40:29.064Z
854360950394832758_1359349080,2014-12-07T16:40:29.067Z
829730523208951959_291462761,2014-12-07T16:40:29.072Z
781225572479232661_9281241,2014-12-07T18:40:32.013Z
820367930374187532_9281241,2014-12-07T18:40:32.015Z
857369740959770723_9281241,2014-12-07T18:40:32.017Z
815099651850700799_1505596728,2014-12-07T18:40:32.019Z
775478641081674287_9281241,2014-12-07T18:40:32.028Z
815346195002754311_1505596728,2014-12-07T18:40:32.030Z
853047612198316356_9281241,2014-12-07T18:40:32.032Z
868252329102764039_9281241,2014-12-07T18:40:32.034Z
795763450479602078_9281241,2014-12-07T18:40:32.041Z
835918639660230696_9281241,2014-12-07T18:40:32.042Z
859942454706793154_9281241,2014-12-07T18:40:32.045Z
870373011098371668_1505596728,2014-12-07T18:40:32.046Z
803283119562255188_9281241,2014-12-07T18:40:32.055Z
847950167768525535_9281241,2014-12-07T18:40:32.057Z
865104763594959401_9281241,2014-12-07T18:40:32.059Z
808464640409561253_9281241,2014-12-07T18:40:32.067Z
849825377383836427_9281241,2014-12-07T18:40:32.069Z
866784678211971456_9281241,2014-12-07T18:40:32.071Z
803599252176488386_1359349080,2014-12-07T19:40:33.525Z
870470224394679426_195521628,2014-12-07T21:40:36.546Z
494324160403321740_268578819,2014-12-07T22:40:38.155Z
870211254720872325_373623022,2014-12-07T22:40:38.167Z
797620543422181837_268578819,2014-12-07T23:40:39.622Z
539652004635949938_195632509,2014-12-07T23:40:39.631Z
561405865318889635_195632509,2014-12-07T23:40:39.646Z
672252080709939426_268578819,2014-12-07T23:40:39.653Z
706672064675134298_195632509,2014-12-07T23:40:39.658Z
870793022333875791_195521628,2014-12-08T08:41:00.170Z
856632707451504102_5887096,2014-12-08T09:41:02.562Z
222608336936290226_5887096,2014-12-08T09:41:02.563Z
453280154179912886_5887096,2014-12-08T09:41:02.564Z
526037643874584251_5887096,2014-12-08T09:41:02.565Z
790005061309744969_5887096,2014-12-08T09:41:02.566Z
736959776786794330_5887096,2014-12-08T09:41:02.566Z
869811142881494320_5887096,2014-12-08T09:41:02.567Z
869867728228370085_5887096,2014-12-08T09:41:02.568Z
222586684680750853_5887096,2014-12-08T09:41:02.569Z
493063399175931265_5887096,2014-12-08T09:41:02.570Z
784238241277593045_5887096,2014-12-08T09:41:02.571Z
641144480495355119_5887096,2014-12-08T09:41:02.571Z
790017183620056189_5887096,2014-12-08T09:41:02.572Z
869793801699378813_5887096,2014-12-08T09:41:02.574Z
392540752961390307_5887096,2014-12-08T09:41:02.574Z
517845007607055999_5887096,2014-12-08T09:41:02.575Z
641143328823362781_5887096,2014-12-08T09:41:02.576Z
790000723141117633_5887096,2014-12-08T09:41:02.577Z
793531844286007092_5887096,2014-12-08T09:41:02.578Z
270797535_5887096,2014-12-08T09:41:02.580Z
392537043107890883_5887096,2014-12-08T09:41:02.581Z
641251855793439815_5887096,2014-12-08T09:41:02.582Z
523161934890059264_5887096,2014-12-08T09:41:02.582Z
789998553662539406_5887096,2014-12-08T09:41:02.583Z
799376582381717425_5887096,2014-12-08T09:41:02.584Z
200001150825580322_5887096,2014-12-08T09:41:02.585Z
411604424060880783_5887096,2014-12-08T09:41:02.586Z
525997081037424359_5887096,2014-12-08T09:41:02.586Z
691908028133328234_5887096,2014-12-08T09:41:02.587Z
790002046897014518_5887096,2014-12-08T09:41:02.588Z
809333371181253764_5887096,2014-12-08T09:41:02.589Z
846976545895258397_180012853,2014-12-08T12:41:13.312Z
870950016603095310_22439063,2014-12-08T13:41:16.831Z
870092802233185148_268578819,2014-12-08T14:41:20.504Z
689981944546147293_46486741,2014-12-08T14:41:20.505Z
796933808249876953_268578819,2014-12-08T14:41:20.506Z
634158502060440281_46486741,2014-12-08T14:41:20.507Z
788159404357401213_46486741,2014-12-08T14:41:20.510Z
666776208529898179_46486741,2014-12-08T14:41:20.511Z
613860227654826184_46486741,2014-12-08T14:41:20.512Z
637778075984804522_46486741,2014-12-08T14:41:20.513Z
783255891399621501_46486741,2014-12-08T14:41:20.516Z
622574461578328561_46486741,2014-12-08T14:41:20.517Z
618002955472944059_46486741,2014-12-08T14:41:20.518Z
660778482491144416_46486741,2014-12-08T14:41:20.519Z
758560159707118075_46486741,2014-12-08T14:41:20.522Z
613020279095638611_46486741,2014-12-08T14:41:20.523Z
618879363137092101_46486741,2014-12-08T14:41:20.524Z
834047688109949808_305995479,2014-12-08T14:41:20.525Z
710719351809587985_46486741,2014-12-08T14:41:20.527Z
612247428562368677_46486741,2014-12-08T14:41:20.528Z
620910401807923892_46486741,2014-12-08T14:41:20.529Z
861702602855209732_488138509,2014-12-08T15:41:24.456Z
871030808751137128_227270535,2014-12-08T16:41:28.705Z
871022462189858464_278818482,2014-12-08T16:41:28.711Z
865188759022786803_488138509,2014-12-08T16:41:28.716Z
865198400318396876_488138509,2014-12-08T16:41:28.722Z
871052277372638142_2756491,2014-12-08T17:41:32.802Z
871069375681946764_1496438992,2014-12-08T17:41:32.808Z
868747338947012239_551580040,2014-12-08T18:41:36.807Z
871145057441061145_617581829,2014-12-08T20:41:44.834Z
871142877093151807_1359349080,2014-12-08T20:41:44.840Z
871193320055952177_226317099,2014-12-08T21:41:49.082Z
871192483149697736_226317099,2014-12-08T21:41:49.089Z
268092337071129091_40737111,2014-12-08T22:41:59.171Z
433273042586632680_40737111,2014-12-08T22:41:59.173Z
729618023652963242_183865939,2014-12-08T22:41:59.174Z
508645040321528589_40737111,2014-12-08T22:41:59.174Z
778980856836305598_183865939,2014-12-08T22:41:59.175Z
820190914680894275_183865939,2014-12-08T22:41:59.176Z
291226942137500370_40737111,2014-12-08T22:41:59.177Z
447736693443855251_40737111,2014-12-08T22:41:59.178Z
556240483037282427_40737111,2014-12-08T22:41:59.179Z
757150120743448997_183865939,2014-12-08T22:41:59.180Z
780472252613177387_183865939,2014-12-08T22:41:59.181Z
856538954077221158_183865939,2014-12-08T22:41:59.181Z
381079869164945651_40737111,2014-12-08T22:41:59.183Z
449210814593827288_40737111,2014-12-08T22:41:59.184Z
636106926263959972_40737111,2014-12-08T22:41:59.184Z
758053583933321363_183865939,2014-12-08T22:41:59.185Z
785498796779811739_183865939,2014-12-08T22:41:59.186Z
868094928912187651_40737111,2014-12-08T22:41:59.187Z
468078003245613558_40737111,2014-12-08T22:41:59.189Z
402658268522021328_40737111,2014-12-08T22:41:59.189Z
720276105115796325_40737111,2014-12-08T22:41:59.191Z
760173804596933193_183865939,2014-12-08T22:41:59.191Z
791970147308843474_183865939,2014-12-08T22:41:59.192Z
423808908455379153_40737111,2014-12-08T22:41:59.194Z
483259995763311145_40737111,2014-12-08T22:41:59.195Z
764539749348061279_183865939,2014-12-08T22:41:59.196Z
767418793812099093_40737111,2014-12-08T22:41:59.196Z
814498070259479045_183865939,2014-12-08T22:41:59.197Z
871459127898959421_1535508098,2014-12-09T06:42:43.708Z
862277434894759756_1575703884,2014-12-09T07:42:49.189Z
775206804029702943_198082559,2014-12-09T09:43:00.333Z
849914209564623476_198082559,2014-12-09T09:43:00.334Z
783261636446914210_309201792,2014-12-09T09:43:00.335Z
789086069020164996_198082559,2014-12-09T09:43:00.341Z
855646799646949473_198082559,2014-12-09T09:43:00.342Z
809355359921111385_198082559,2014-12-09T09:43:00.349Z
861390723929867209_198082559,2014-12-09T09:43:00.350Z
867285178008470323_198082559,2014-12-09T09:43:00.357Z
820799745473118771_198082559,2014-12-09T09:43:00.357Z
868015820195234505_198082559,2014-12-09T09:43:00.364Z
843487814785433926_198082559,2014-12-09T09:43:00.364Z
757364839903047951_324164779,2014-12-09T10:43:07.026Z
606587666009305285_29441931,2014-12-09T10:43:07.027Z
691433202931085882_29441931,2014-12-09T10:43:07.028Z
734742706044940323_29441931,2014-12-09T10:43:07.029Z
718276737508455243_29441931,2014-12-09T10:43:07.029Z
749971318419370873_29441931,2014-12-09T10:43:07.030Z
779123488079098835_29441931,2014-12-09T10:43:07.031Z
792561588275687845_324164779,2014-12-09T10:43:07.032Z
605767167838662815_29441931,2014-12-09T10:43:07.032Z
698175235603444199_29441931,2014-12-09T10:43:07.033Z
720367465579557148_29441931,2014-12-09T10:43:07.034Z
743489190483603684_29441931,2014-12-09T10:43:07.035Z
750898949843202454_29441931,2014-12-09T10:43:07.035Z
792872138835898770_29441931,2014-12-09T10:43:07.036Z
821556037743719100_324164779,2014-12-09T10:43:07.037Z
668934114016899404_29441931,2014-12-09T10:43:07.038Z
723186566928675368_29441931,2014-12-09T10:43:07.039Z
701495780021514638_29441931,2014-12-09T10:43:07.039Z
747961909010904060_29441931,2014-12-09T10:43:07.040Z
754100775023424253_29441931,2014-12-09T10:43:07.041Z
795702858029609454_29441931,2014-12-09T10:43:07.042Z
558691929506590736_29441931,2014-12-09T10:43:07.043Z
675471661299806857_29441931,2014-12-09T10:43:07.044Z
704821459190428277_29441931,2014-12-09T10:43:07.045Z
723190725027443378_29441931,2014-12-09T10:43:07.046Z
748607941617005203_29441931,2014-12-09T10:43:07.047Z
755884719595205349_29441931,2014-12-09T10:43:07.048Z
581172011487605623_29441931,2014-12-09T10:43:07.049Z
678369650754334860_29441931,2014-12-09T10:43:07.050Z
718050344447128074_29441931,2014-12-09T10:43:07.050Z
732341871369400643_29441931,2014-12-09T10:43:07.051Z
749115242065048150_29441931,2014-12-09T10:43:07.052Z
775591504778244539_29441931,2014-12-09T10:43:07.053Z
807374840978616455_29441931,2014-12-09T10:43:08.466Z
831118257147490559_29441931,2014-12-09T10:43:08.467Z
847923587726586433_29441931,2014-12-09T10:43:08.467Z
861663597747384487_29441931,2014-12-09T10:43:08.468Z
811724451172200465_29441931,2014-12-09T10:43:08.470Z
831332820434432168_29441931,2014-12-09T10:43:08.471Z
847959360442085814_29441931,2014-12-09T10:43:08.472Z
862387253028991386_29441931,2014-12-09T10:43:08.473Z
811726358490001482_29441931,2014-12-09T10:43:08.476Z
841424921985692104_29441931,2014-12-09T10:43:08.477Z
855110438006698752_29441931,2014-12-09T10:43:08.477Z
871568374695488944_1535508098,2014-12-09T10:43:08.478Z
826100785788891780_29441931,2014-12-09T10:43:08.481Z
845684927702643622_29441931,2014-12-09T10:43:08.482Z
855782056118858704_29441931,2014-12-09T10:43:08.483Z
829734780737040692_29441931,2014-12-09T10:43:08.485Z
847348628147024603_29441931,2014-12-09T10:43:08.486Z
858897898394235271_29441931,2014-12-09T10:43:08.487Z
474746954668668679_22438676,2014-12-09T11:43:15.075Z
759307901813224450_22438676,2014-12-09T11:43:15.076Z
818820118535042333_22438676,2014-12-09T11:43:15.077Z
860137621219276776_22438676,2014-12-09T11:43:15.078Z
673076121347651263_22438676,2014-12-09T11:43:15.080Z
763391852173424197_22438676,2014-12-09T11:43:15.081Z
870370557495956894_375980084,2014-12-09T11:43:15.082Z
834739435671746158_22438676,2014-12-09T11:43:15.082Z
684551450889123548_22438676,2014-12-09T11:43:15.084Z
768891493564381142_22438676,2014-12-09T11:43:15.085Z
839881945037501664_22438676,2014-12-09T11:43:15.086Z
870860566791542425_375980084,2014-12-09T11:43:15.087Z
712442453515924754_22438676,2014-12-09T11:43:15.089Z
773998592904492574_22438676,2014-12-09T11:43:15.090Z
807247939810558564_1425111215,2014-12-09T11:43:15.091Z
839882015770244321_22438676,2014-12-09T11:43:15.091Z
751339159355487835_22438676,2014-12-09T11:43:15.093Z
808722697616455462_22438676,2014-12-09T11:43:15.094Z
857931167292815016_22438676,2014-12-09T11:43:15.095Z
598600762734098741_250555717,2014-12-09T12:43:24.623Z
869495864491024191_580652598,2014-12-09T12:43:24.624Z
560837657922611369_547817281,2014-12-09T12:43:24.625Z
871640095952612558_13763978,2014-12-09T12:43:24.626Z
871625370294753658_207572245,2014-12-09T12:43:24.627Z
869598703665322961_617581829,2014-12-09T12:43:24.628Z
560939554201381223_547817281,2014-12-09T12:43:24.630Z
552946540564687180_547817281,2014-12-09T12:43:24.630Z
703607369411832724_547817281,2014-12-09T12:43:24.631Z
552900858386557397_547817281,2014-12-09T12:43:24.633Z
554423840049178831_547817281,2014-12-09T12:43:24.634Z
871645676411865187_1360605561,2014-12-09T12:43:24.635Z
871631881190492627_574054337,2014-12-09T12:43:24.636Z
552945530710501696_547817281,2014-12-09T12:43:24.638Z
555626168412514382_547817281,2014-12-09T12:43:24.639Z
577289739244382727_547817281,2014-12-09T12:43:24.641Z
854915153091828197_207572245,2014-12-09T12:43:24.642Z
552943233263708441_547817281,2014-12-09T12:43:24.644Z
558809414906391101_547817281,2014-12-09T12:43:24.644Z
574729644622981448_547817281,2014-12-09T12:43:24.645Z
871626391498725839_207572245,2014-12-09T12:43:24.646Z
800702888650736261_198082559,2014-12-09T13:43:35.587Z
871678422831988196_486609478,2014-12-09T13:43:35.588Z
797718817784949947_19373546,2014-12-09T13:43:35.589Z
787572068201180808_1013402474,2014-12-09T13:43:35.592Z
793361773572391844_198082559,2014-12-09T13:43:35.592Z
870983881051380961_580652598,2014-12-09T13:43:35.593Z
469591712233685041_198082559,2014-12-09T13:43:35.596Z
722310954598108425_28413170,2014-12-09T13:43:35.597Z
687068480207099923_617581829,2014-12-09T13:43:35.597Z
871678569563906665_1550902903,2014-12-09T13:43:35.600Z
871673276637204964_1559282643,2014-12-09T13:43:35.600Z
834047384059219346_28413170,2014-12-09T13:43:35.601Z
842694327345349220_198082559,2014-12-09T13:43:35.603Z
500561255722385729_198082559,2014-12-09T13:43:35.604Z
858618387182164360_617581829,2014-12-09T13:43:35.605Z
867569096344047273_28413170,2014-12-09T13:43:35.606Z
871702048020612181_1359349080,2014-12-09T14:43:46.164Z
834164382173292652_610753641,2014-12-09T14:43:46.165Z
852184012858911352_610753641,2014-12-09T14:43:46.167Z
852195390873201385_610753641,2014-12-09T14:43:46.168Z
871699151258109796_1359349080,2014-12-09T14:43:46.170Z
840705367745292732_610753641,2014-12-09T14:43:46.171Z
871119964859853127_610753641,2014-12-09T14:43:46.172Z
852198634613696627_610753641,2014-12-09T14:43:46.172Z
821834959445092360_610753641,2014-12-09T14:43:46.175Z
850859615342619078_610753641,2014-12-09T14:43:46.175Z
852172720567806427_610753641,2014-12-09T14:43:46.176Z
852163685357513407_610753641,2014-12-09T14:43:46.179Z
818931800636713639_610753641,2014-12-09T14:43:46.179Z
852177758715440063_610753641,2014-12-09T14:43:46.180Z
831254887835167037_610753641,2014-12-09T14:43:46.182Z
852170875350870302_610753641,2014-12-09T14:43:46.183Z
852174554661448323_610753641,2014-12-09T14:43:46.184Z
871764686390621677_641145700,2014-12-09T16:44:08.353Z
871762161922929897_641145700,2014-12-09T16:44:08.359Z
857471687008180945_1431426269,2014-12-09T16:44:08.365Z
871623816420303906_551580040,2014-12-09T16:44:08.370Z
871780129913685463_1359349080,2014-12-09T17:44:19.432Z
861505136319760740_1420835225,2014-12-09T17:44:19.434Z
838988813480200786_1420835225,2014-12-09T17:44:19.439Z
796936953596709050_1420835225,2014-12-09T17:44:19.445Z
859561890530167683_1420835225,2014-12-09T17:44:19.450Z
801491412349497445_29441931,2014-12-09T18:44:31.348Z
845658204919443716_29441931,2014-12-09T18:44:31.354Z
845820453516619841_29441931,2014-12-09T18:44:31.361Z
871803472901175925_240993709,2014-12-09T18:44:31.366Z
637056025678983616_29441931,2014-12-09T19:44:43.390Z
648765715848769915_29441931,2014-12-09T19:44:43.396Z
740593847802671951_29441931,2014-12-09T19:44:43.401Z
728258574203510984_227270535,2014-12-09T20:44:55.775Z
871884224399967224_8517079,2014-12-09T20:44:55.781Z
860006345088235592_10616085,2014-12-09T20:44:55.787Z
871872319029046072_610753641,2014-12-09T20:44:55.792Z
727500554134454667_267756375,2014-12-09T21:45:08.483Z
717283947344921291_267756375,2014-12-09T21:45:08.485Z
446417563401561790_200025744,2014-12-09T21:45:08.491Z
870837354566710067_177761467,2014-12-09T21:45:08.493Z
452959951313938338_200025744,2014-12-09T21:45:08.499Z
866456904982590433_374127811,2014-12-09T21:45:08.501Z
848758015808743174_200025744,2014-12-09T21:45:08.506Z
867913451621314663_374127811,2014-12-09T21:45:08.508Z
848761489631978535_200025744,2014-12-09T21:45:08.512Z
861421963987120239_374127811,2014-12-09T23:45:39.715Z
862245055596589683_374127811,2014-12-09T23:45:39.721Z
863573669210485335_374127811,2014-12-09T23:45:39.727Z
865313411782406890_374127811,2014-12-09T23:45:39.733Z
522980724936953212_222198986,2014-12-10T00:45:52.435Z
773823451411402316_222198986,2014-12-10T00:45:52.437Z
727622017129270925_222198986,2014-12-10T00:45:52.441Z
799388415773527296_222198986,2014-12-10T00:45:52.442Z
737782647542926734_222198986,2014-12-10T00:45:52.446Z
808947306630893514_222198986,2014-12-10T00:45:52.447Z
747967189801127153_222198986,2014-12-10T00:45:52.452Z
773317120166350214_222198986,2014-12-10T00:45:52.453Z
753692986176327314_222198986,2014-12-10T00:45:52.456Z
844388672819056018_222198986,2014-12-10T00:45:52.457Z
872244761898603492_1559282643,2014-12-10T08:47:49.235Z
487475860339720948_8517079,2014-12-10T09:48:05.465Z
865358881669284553_8517079,2014-12-10T09:48:05.467Z
584103510998548748_8517079,2014-12-10T09:48:05.477Z
674449754832274235_8517079,2014-12-10T09:48:05.485Z
817556828595454659_8517079,2014-12-10T09:48:05.498Z
854505790640259082_8517079,2014-12-10T09:48:05.510Z
722971610736470999_547817281,2014-12-10T10:48:20.338Z
872310928763496951_547817281,2014-12-10T10:48:20.346Z
872306921248424493_8517079,2014-12-10T10:48:20.358Z
872301666531061932_1538856067,2014-12-10T10:48:20.367Z
870297053266804301_44805606,2014-12-10T10:48:20.374Z
872374538032669221_227270535,2014-12-10T12:48:49.772Z
872400030753702626_217181871,2014-12-10T13:49:05.078Z
872384859923542540_374127811,2014-12-10T13:49:05.087Z
872419033131727043_46486741,2014-12-10T14:49:20.312Z
493103390027448713_8517079,2014-12-10T15:49:35.460Z
164271490428656256_13593669,2014-12-10T15:49:35.461Z
527466315690629945_13593669,2014-12-10T15:49:35.462Z
542180874727264760_230512115,2014-12-10T15:49:35.463Z
526801356420317442_8517079,2014-12-10T15:49:35.466Z
589854264054602285_13593669,2014-12-10T15:49:35.467Z
205003190670285586_13593669,2014-12-10T15:49:35.467Z
780283902083273211_230512115,2014-12-10T15:49:35.468Z
865104283742274478_8517079,2014-12-10T15:49:35.471Z
394186016035527325_13593669,2014-12-10T15:49:35.472Z
780282405480108520_230512115,2014-12-10T15:49:35.473Z
794307313644366084_402309377,2014-12-10T15:49:35.473Z
872463634328874946_667596946,2014-12-10T15:49:35.478Z
357864203437562074_13593669,2014-12-10T15:49:35.478Z
872444459139188433_1359349080,2014-12-10T15:49:35.479Z
872440561213097331_1359349080,2014-12-10T15:49:35.480Z
872461900923694866_667596946,2014-12-10T15:49:35.482Z
423077761955486493_13593669,2014-12-10T15:49:35.483Z
872454689415743006_1359349080,2014-12-10T15:49:35.484Z
871199851587285165_268578819,2014-12-10T15:49:47.478Z
520298859685884770_29441931,2014-12-10T16:49:53.859Z
590605882817917115_29441931,2014-12-10T16:49:53.860Z
529280541382292027_29441931,2014-12-10T16:49:53.863Z
629230592346435794_29441931,2014-12-10T16:49:53.864Z
537187377523601418_29441931,2014-12-10T16:49:53.868Z
370766522196459930_8517079,2014-12-10T16:49:53.869Z
537724212985344757_29441931,2014-12-10T16:49:53.872Z
371598354173427934_8517079,2014-12-10T16:49:53.873Z
580668420742066761_29441931,2014-12-10T16:49:53.876Z
865365102575078045_26745113,2014-12-10T17:50:12.725Z
786054687651645606_26745113,2014-12-10T17:50:12.730Z
760815808548030843_26745113,2014-12-10T17:50:12.734Z
872560031357823204_1413669697,2014-12-10T18:50:30.154Z
678366583183354511_3672281,2014-12-10T18:50:30.155Z
831721632818244346_3672281,2014-12-10T18:50:30.159Z
142097362983299244_3672281,2014-12-10T18:50:30.160Z
795813598736919430_3672281,2014-12-10T18:50:30.164Z
172520315386309221_3672281,2014-12-10T18:50:30.165Z
685418401797221341_3672281,2014-12-10T18:50:30.168Z
681405892916390901_3672281,2014-12-10T18:50:30.172Z
872583302383563135_1511200155,2014-12-10T19:50:47.088Z
730680226234642886_29441931,2014-12-10T19:50:47.089Z
859471412514759771_200025744,2014-12-10T19:50:47.092Z
741405454979969875_29441931,2014-12-10T19:50:47.093Z
872584444831656646_610753641,2014-12-10T19:50:47.097Z
872435007460192221_222859586,2014-12-10T19:50:47.102Z
864508983229069263_1400445044,2014-12-10T19:50:47.106Z
830891409708116889_1139096241,2014-12-10T20:51:05.424Z
775980005063148713_215061552,2014-12-10T20:51:05.425Z
643331033088894539_203724072,2014-12-10T20:51:05.425Z
872596169262869624_222859586,2014-12-10T20:51:05.426Z
269467338982048806_215061552,2014-12-10T20:51:05.429Z
272343964340692274_203724072,2014-12-10T20:51:05.429Z
831775630818256582_203724072,2014-12-10T20:51:05.430Z
427234681702335983_215061552,2014-12-10T20:51:05.433Z
872563321376906201_1586318365,2014-12-10T20:51:05.434Z
844748453345259373_38823354,2014-12-10T20:51:05.435Z
270071480753038856_203724072,2014-12-10T20:51:05.438Z
465053439638873308_203724072,2014-12-10T20:51:05.439Z
846124766790446194_38823354,2014-12-10T20:51:05.439Z
866586274033717915_189840147,2014-12-10T20:51:05.442Z
580996503665878099_203724072,2014-12-10T20:51:05.443Z
870893103328030178_38823354,2014-12-10T20:51:05.443Z
872648480126645101_268578819,2014-12-10T21:51:24.343Z
860049965568208615_222859586,2014-12-10T21:51:24.347Z
483392631552586463_268578819,2014-12-10T21:51:24.353Z
872628325036573786_1359349080,2014-12-10T21:51:24.357Z
872659411546440367_8517079,2014-12-10T22:51:43.060Z
789040451364702269_26745113,2014-12-10T23:52:01.897Z
838903156606880292_26745113,2014-12-10T23:52:01.902Z
805838871597139172_1359349080,2014-12-11T04:53:36.822Z
872876700570993724_1359349080,2014-12-11T05:53:55.875Z
872985597778369353_617581829,2014-12-11T08:54:53.096Z
705939932451901299_39355962,2014-12-11T09:55:12.583Z
765392486818320017_39355962,2014-12-11T09:55:12.597Z
870182190910552114_20041549,2014-12-11T12:56:10.776Z
668545723_5887096,2014-12-11T12:56:10.778Z
641254066334254203_5887096,2014-12-11T12:56:10.779Z
710743850773169736_5887096,2014-12-11T12:56:10.780Z
857274405059872176_5887096,2014-12-11T12:56:10.781Z
790013309425337380_5887096,2014-12-11T12:56:10.781Z
830562821921031791_1359349080,2014-12-11T12:56:10.783Z
423793600218842966_5887096,2014-12-11T12:56:10.784Z
641384445594617065_5887096,2014-12-11T12:56:10.785Z
720209879874192505_5887096,2014-12-11T12:56:10.786Z
792130169327371528_5887096,2014-12-11T12:56:10.786Z
873086400458181227_1360605561,2014-12-11T12:56:10.787Z
873091683991421665_198082559,2014-12-11T12:56:10.789Z
425899126817866949_5887096,2014-12-11T12:56:10.790Z
659628337745937647_5887096,2014-12-11T12:56:10.791Z
728117569799636982_5887096,2014-12-11T12:56:10.792Z
795078456791581698_5887096,2014-12-11T12:56:10.792Z
873063926651655746_242994580,2014-12-11T12:56:10.796Z
737004558280461995_258217466,2014-12-11T12:56:10.796Z
702043180767430334_5887096,2014-12-11T12:56:10.797Z
786390077723952207_5887096,2014-12-11T12:56:10.798Z
796898758488016035_5887096,2014-12-11T12:56:10.799Z
872668405176305879_1289263937,2014-12-11T12:56:10.800Z
458625090832090823_5887096,2014-12-11T12:56:10.801Z
707835968499008708_5887096,2014-12-11T12:56:10.802Z
790007677020325775_5887096,2014-12-11T12:56:10.806Z
824477091111159612_5887096,2014-12-11T12:56:10.807Z
371611527745453423_14778406,2014-12-11T13:56:32.020Z
873163699159342432_580652598,2014-12-11T14:56:53.243Z
873192569167660775_1359349080,2014-12-11T15:57:14.739Z
810119876396584722_24596666,2014-12-11T16:57:36.164Z
873216688865133849_1359349080,2014-12-11T16:57:36.165Z
808548796343127431_24596666,2014-12-11T16:57:36.166Z
696984149861993574_24596666,2014-12-11T16:57:36.226Z
742607693433933645_24596666,2014-12-11T16:57:36.233Z
673788204114644004_24596666,2014-12-11T16:57:36.239Z
873258926956172191_1559282643,2014-12-11T17:57:58.198Z
873257535766358622_1413669697,2014-12-11T17:57:58.206Z
873277909831708098_1574448514,2014-12-11T18:58:20.094Z
873279392072123757_5887096,2014-12-11T18:58:20.103Z
872479235829773666_1289090620,2014-12-11T18:58:20.104Z
873276514814586263_1574448514,2014-12-11T18:58:20.110Z
849184663884379199_1289090620,2014-12-11T18:58:20.118Z
862398566952973771_1289090620,2014-12-11T18:58:20.124Z
873345796941524451_222859586,2014-12-11T20:59:08.330Z
868111344362373561_1465788375,2014-12-11T20:59:08.331Z
676180056354359342_218673361,2014-12-11T20:59:08.338Z
868112736779027005_1465788375,2014-12-11T20:59:08.339Z
790281206292071226_1465788375,2014-12-11T20:59:08.345Z
868113327680963194_1465788375,2014-12-11T20:59:08.347Z
858038418640519489_1465788375,2014-12-11T20:59:08.353Z
868324306834473930_1465788375,2014-12-11T20:59:08.354Z
864946937910313025_1465788375,2014-12-11T20:59:08.360Z
873301708824166789_1465788375,2014-12-11T20:59:08.361Z
386778204879448821_54358321,2014-12-11T21:59:31.951Z
520015030808472394_54358321,2014-12-11T21:59:31.952Z
760997053176474100_54358321,2014-12-11T21:59:31.953Z
794097208884717867_54358321,2014-12-11T21:59:31.953Z
402958339659786768_54358321,2014-12-11T21:59:31.956Z
643605459335637513_54358321,2014-12-11T21:59:31.957Z
788595688185522660_54358321,2014-12-11T21:59:31.958Z
524615262719609941_258217466,2014-12-11T21:59:31.959Z
454193105599719984_54358321,2014-12-11T21:59:31.961Z
703488259114920482_54358321,2014-12-11T21:59:31.962Z
802308449717446853_54358321,2014-12-11T21:59:31.963Z
716696261912595913_258217466,2014-12-11T21:59:31.963Z
454200022686493366_54358321,2014-12-11T21:59:31.965Z
753735755879409709_54358321,2014-12-11T21:59:31.966Z
845082017702078505_54358321,2014-12-11T21:59:31.967Z
386778555305159416_54358321,2014-12-11T21:59:31.969Z
535472668950129025_54358321,2014-12-11T21:59:31.970Z
763039978915883660_54358321,2014-12-11T21:59:31.971Z
873360615490627272_28422216,2014-12-11T21:59:31.972Z
872345359629453019_362202848,2014-12-11T22:59:58.141Z
827316311807663017_7757981,2014-12-12T01:00:51.953Z
873670754106429446_1559282643,2014-12-12T08:03:57.440Z
866447294022407180_1392094980,2014-12-12T08:03:57.449Z
176798733970335807_5090665,2014-12-12T09:04:22.676Z
683908962970135371_5090665,2014-12-12T09:04:22.677Z
180948555363149846_5090665,2014-12-12T09:04:22.684Z
773411424072001810_5090665,2014-12-12T09:04:22.685Z
183393009273563441_5090665,2014-12-12T09:04:22.692Z
778206648271006257_5090665,2014-12-12T09:04:22.693Z
216302139348772889_5090665,2014-12-12T09:04:22.700Z
620705500644403647_5090665,2014-12-12T09:04:22.706Z
873753445732053102_1513142171,2014-12-12T11:05:15.280Z
791901703751258965_316271971,2014-12-12T12:05:41.692Z
873778569251996173_217181871,2014-12-12T12:05:41.693Z
873797540817455930_1360605561,2014-12-12T12:05:41.701Z
873797072263367470_1360605561,2014-12-12T12:05:41.710Z
873796402216332379_667596946,2014-12-12T12:05:41.719Z
873784521823476858_254195374,2014-12-12T12:05:41.729Z
873837211604709174_19373546,2014-12-12T13:06:07.901Z
873819390599567366_19890581,2014-12-12T13:06:07.902Z
799058570129270899_1413669697,2014-12-12T13:06:07.903Z
873833409820003260_431668105,2014-12-12T13:06:07.907Z
760708501135255692_1413669697,2014-12-12T13:06:07.908Z
813602659818367950_1413669697,2014-12-12T13:06:07.909Z
873825281099203927_362202848,2014-12-12T13:06:07.913Z
781785774756030832_1413669697,2014-12-12T13:06:07.914Z
873818925739912553_246623946,2014-12-12T13:06:07.918Z
794144728001637041_1413669697,2014-12-12T13:06:07.919Z
873820101471476174_22014965,2014-12-12T13:06:07.923Z
794682388877240625_1413669697,2014-12-12T13:06:07.923Z
873861894052229621_268578819,2014-12-12T14:06:33.369Z
848359878078130635_5090665,2014-12-12T14:06:33.372Z
873853618497499454_268578819,2014-12-12T14:06:33.378Z
854449228176059240_5090665,2014-12-12T14:06:33.379Z
710251046762369055_316271971,2014-12-12T14:06:33.386Z
855602489566325389_5090665,2014-12-12T14:06:33.387Z
805789878138333288_5090665,2014-12-12T14:06:33.394Z
843989303100599174_5090665,2014-12-12T14:06:33.400Z
873882361312949523_1289090620,2014-12-12T15:07:01.427Z
836223743937286963_230512115,2014-12-12T15:07:01.431Z
873869517007079025_1359349080,2014-12-12T15:07:01.436Z
732409004316608006_21246456,2014-12-12T18:08:29.393Z
873995621533170269_1461763789,2014-12-12T19:08:58.822Z
776628718802001998_266190983,2014-12-12T19:08:58.824Z
849890358108054310_266190983,2014-12-12T19:08:58.830Z
796941346619220379_266190983,2014-12-12T19:08:58.831Z
718239902072791409_266190983,2014-12-12T19:08:58.837Z
714594031036752215_266190983,2014-12-12T19:08:58.844Z
731066896024036220_266190983,2014-12-12T19:08:58.849Z
874044271719067411_222859586,2014-12-12T20:09:27.717Z
868968678929513654_397460558,2014-12-12T21:09:57.108Z
874008356906827106_318927526,2014-12-12T21:09:57.115Z
435523754315820826_328483914,2014-12-12T22:10:27.543Z
783099736004308067_328483914,2014-12-12T22:10:27.544Z
845658037115760030_328483914,2014-12-12T22:10:27.545Z
874043111746204511_1511200155,2014-12-12T22:10:27.546Z
503682998445354953_328483914,2014-12-12T22:10:27.550Z
783099929294613606_328483914,2014-12-12T22:10:27.551Z
846850263539854863_328483914,2014-12-12T22:10:27.552Z
773037570833038354_397460558,2014-12-12T22:10:27.553Z
627566608729845358_328483914,2014-12-12T22:10:27.558Z
794851427984682980_328483914,2014-12-12T22:10:27.559Z
854252079802036142_328483914,2014-12-12T22:10:27.560Z
823987841536670807_397460558,2014-12-12T22:10:27.561Z
687609686932663462_328483914,2014-12-12T22:10:27.566Z
796247219140111627_328483914,2014-12-12T22:10:27.567Z
866069223053619730_1511200155,2014-12-12T22:10:27.568Z
738898697789452108_328483914,2014-12-12T22:10:27.572Z
831607706178367341_328483914,2014-12-12T22:10:27.573Z
860999110612906397_1511200155,2014-12-12T22:10:27.573Z
874050737401890090_490660128,2014-12-12T23:10:58.428Z
469301859917148596_324164779,2014-12-12T23:10:58.433Z
849882315440294836_218673361,2014-12-12T23:10:58.437Z
874118683495521508_476844630,2014-12-12T23:10:58.443Z
704172026976569449_218673361,2014-12-12T23:10:58.446Z
737552345721850821_26745113,2014-12-13T01:12:02.901Z
867334487816320534_1575703884,2014-12-13T01:12:02.907Z
866425873702368557_1575703884,2014-12-13T01:12:02.914Z
862274393948862012_1575703884,2014-12-13T01:12:02.919Z
869374995489142602_1575703884,2014-12-13T01:12:02.924Z
662927353196390416_53252633,2014-12-13T09:16:24.885Z
850136724186671855_53252633,2014-12-13T09:16:24.886Z
716498372017961655_205584525,2014-12-13T09:16:24.887Z
729480435493054728_53252633,2014-12-13T09:16:24.895Z
837725975581633272_53252633,2014-12-13T09:16:24.896Z
749831281674103094_53252633,2014-12-13T09:16:24.905Z
838277031009003575_53252633,2014-12-13T09:16:24.906Z
841157155656116883_53252633,2014-12-13T09:16:24.915Z
874074208064941432_1121315682,2014-12-13T09:16:24.915Z
791854252953250541_53252633,2014-12-13T09:16:24.922Z
845064908682373159_53252633,2014-12-13T09:16:24.924Z
874472684686696953_227270535,2014-12-13T10:16:57.838Z
874470414855201242_227270535,2014-12-13T10:16:57.846Z
843379059030928734_1121315682,2014-12-13T11:17:29.140Z
874485113411323674_1359349080,2014-12-13T11:17:29.141Z
840417952834170299_1121315682,2014-12-13T11:17:29.149Z
796984845301099594_1121315682,2014-12-13T11:17:29.156Z
664400275662613941_1121315682,2014-12-13T11:17:29.163Z
747865957527628897_1121315682,2014-12-13T11:17:29.169Z
425120752478273043_191791870,2014-12-13T12:18:01.261Z
874521121965069893_1392094980,2014-12-13T12:18:01.262Z
874516867034956668_1465788375,2014-12-13T12:18:01.264Z
837613954678829052_1121315682,2014-12-13T12:18:01.268Z
874521431469507534_1465788375,2014-12-13T12:18:01.269Z
874515670869787489_1465788375,2014-12-13T12:18:01.270Z
874532169431465341_191791870,2014-12-13T12:18:01.274Z
874520506206045111_1465788375,2014-12-13T12:18:01.275Z
874514066011636553_1465788375,2014-12-13T12:18:01.277Z
874522241532216285_1465788375,2014-12-13T12:18:01.281Z
874519791043658667_1465788375,2014-12-13T12:18:01.282Z
874511835430437658_1465788375,2014-12-13T12:18:01.284Z
874522216132682213_205434519,2014-12-13T12:18:01.287Z
874518322039014297_1465788375,2014-12-13T12:18:01.288Z
874013279519031886_1465788375,2014-12-13T12:18:01.290Z
874545071314609080_205434519,2014-12-13T13:18:34.913Z
874616497145230653_1289090620,2014-12-13T15:19:43.608Z
652974706246461399_28422216,2014-12-13T15:19:43.609Z
762447466485517363_488644354,2014-12-13T15:19:43.616Z
742880327986580645_488644354,2014-12-13T15:19:43.623Z
874613086516200313_1465788375,2014-12-13T15:19:43.629Z
862320141916573225_24596666,2014-12-13T15:19:43.636Z
681639585895075924_316271971,2014-12-13T16:20:20.502Z
825855051927835622_316271971,2014-12-13T16:20:20.508Z
823838725088662187_316271971,2014-12-13T16:20:20.516Z
820956784114978825_316271971,2014-12-13T16:20:20.523Z
874780990218254342_1258003661,2014-12-13T20:22:42.506Z
824336255025938369_50914862,2014-12-13T20:22:42.507Z
855676049240620897_50914862,2014-12-13T20:22:42.508Z
855033111148526751_1040983358,2014-12-13T20:22:42.509Z
874771166148395986_573255479,2014-12-13T20:22:42.512Z
836635232257702933_50914862,2014-12-13T20:22:42.513Z
863480961747910337_50914862,2014-12-13T20:22:42.514Z
834070318496906605_1040983358,2014-12-13T20:22:42.515Z
818534808053087268_50914862,2014-12-13T20:22:42.518Z
836635715189865499_50914862,2014-12-13T20:22:42.519Z
864989952579731239_50914862,2014-12-13T20:22:42.520Z
874755027850807331_1360605561,2014-12-13T20:22:42.520Z
790264480046776287_50914862,2014-12-13T20:22:42.524Z
838977746008538493_50914862,2014-12-13T20:22:42.525Z
692816097752415398_1040983358,2014-12-13T20:22:42.526Z
824336417622327238_50914862,2014-12-13T20:22:42.529Z
845361206809853705_50914862,2014-12-13T20:22:42.530Z
730622145871511192_1040983358,2014-12-13T20:22:42.531Z
874799979683295035_1121315682,2014-12-13T21:23:19.009Z
874686749626453570_368308698,2014-12-14T09:30:31.873Z
875182491032919368_580652598,2014-12-14T10:31:10.685Z
875295884458370912_551580040,2014-12-14T14:33:42.589Z
839042683335964659_6932140,2014-12-14T17:35:43.122Z
850022685279876109_6932140,2014-12-14T17:35:43.147Z
858812461957084863_6932140,2014-12-14T17:35:43.173Z
859945078682323583_218673361,2014-12-14T18:36:24.098Z
875478481689825726_316271971,2014-12-14T19:37:05.585Z
875465639182578759_1289090620,2014-12-14T20:37:46.307Z
869755634999949812_10616085,2014-12-14T23:39:50.560Z
779873449131810170_361274262,2014-12-15T13:49:44.739Z
854880712288018169_361274262,2014-12-15T13:49:44.761Z
876225501692802742_1289090620,2014-12-15T20:54:54.698Z
876691442437615407_667596946,2014-12-16T12:06:28.515Z
876690594592616226_667596946,2014-12-16T12:06:28.550Z
876947328132162830_200025744,2014-12-16T20:12:49.764Z
877528949157255212_1553292293,2014-12-17T15:28:53.542Z
877545851739289235_1289090620,2014-12-17T22:35:05.715Z
861049738266250264_208004962,2014-12-18T09:45:27.490Z
871639269315022066_208004962,2014-12-18T09:45:30.327Z
867937211869138875_208004962,2014-12-18T09:45:50.634Z
878314732834926681_29441931,2014-12-18T17:52:20.388Z
878803366431374172_42690973,2014-12-19T10:07:45.838Z
878949846215506563_42690973,2014-12-19T15:12:45.917Z
879093001670782620_667596946,2014-12-19T19:16:56.400Z
879093377010658985_667596946,2014-12-19T19:16:56.463Z
879092472022462077_667596946,2014-12-19T19:16:56.534Z
879091934757285487_667596946,2014-12-19T19:16:56.599Z
879165767367421602_667596946,2014-12-19T22:20:01.493Z
879823522867357416_46555680,2014-12-20T19:42:02.798Z
879865250390704621_22439063,2014-12-20T20:43:06.994Z
880417139142078829_1183623755,2014-12-21T15:02:48.921Z
880498106000125015_1121315682,2014-12-21T18:06:11.491Z
880987290151173089_20041549,2014-12-22T10:24:59.781Z
881225712425391166_1552365916,2014-12-22T18:34:45.597Z
883220928728819459_454916176,2014-12-25T11:58:21.188Z
883286837912823364_454916176,2014-12-25T14:01:04.161Z
884238987965012975_1586318365,2014-12-26T21:46:34.133Z
884689067168938573_205584525,2014-12-27T17:15:08.845Z
889247903756579325_374127811,2015-01-02T20:56:03.636Z
887162043486362387_488138509,2015-01-02T20:56:03.642Z
886296917801063900_1552365916,2015-01-02T20:56:03.644Z
889251954372113015_374127811,2015-01-02T20:56:03.719Z
887613659281905873_280134629,2015-01-02T20:56:03.720Z
887224299196546218_1040983358,2015-01-02T20:56:03.724Z
877560552223404715_374127811,2015-01-02T20:56:03.725Z
888512927537486530_488138509,2015-01-02T20:56:03.727Z
887760360482199570_488138509,2015-01-02T20:56:03.728Z
886159339531530776_374127811,2015-01-02T20:56:03.730Z
889253792743944874_374127811,2015-01-02T20:56:03.801Z
889015023483411232_488138509,2015-01-02T20:56:03.802Z
887487183189619477_1183623755,2015-01-02T20:56:03.804Z
875915084066190262_374127811,2015-01-02T20:56:03.804Z
889248889015366162_374127811,2015-01-02T20:56:03.856Z
887171167498459147_488138509,2015-01-02T20:56:03.857Z
886306434567788313_1552365916,2015-01-02T20:56:03.858Z
890078019425844985_26284270,2015-01-04T00:18:34.173Z
890480904444309886_374127811,2015-01-04T12:18:34.869Z
891241742732252213_1552365916,2015-01-05T14:18:36.145Z
891281723676841878_1552365916,2015-01-05T15:18:36.319Z
892537771556555636_263909049,2015-01-07T09:18:38.247Z
892622238661891100_1552365916,2015-01-07T11:18:38.302Z
893454980619333141_667596946,2015-01-08T16:00:54.784Z
893605923286413496_374127811,2015-01-08T20:00:56.126Z
892676638607740086_865830066,2015-01-10T00:00:57.084Z
894118445690457601_865830066,2015-01-10T00:00:57.157Z
894247881131756924_865830066,2015-01-10T00:00:57.329Z
894832605732433370_667596946,2015-01-10T13:00:58.175Z
894831769841200591_667596946,2015-01-10T13:00:58.327Z
894431497427289449_349996216,2015-01-10T19:00:58.423Z
895121939725618255_865830066,2015-01-10T22:00:59.422Z
895125772430281928_865830066,2015-01-10T23:00:56.153Z
895445820827044947_865830066,2015-01-11T09:00:59.518Z
895563996852194456_865830066,2015-01-11T13:01:00.404Z
895792048811085307_865830066,2015-01-11T20:19:33.712Z
897861896361806901_865830066,2015-01-14T17:20:19.821Z
897249415436242351_865830066,2015-01-14T17:20:19.832Z
896305979354844795_865830066,2015-01-14T17:20:19.837Z
897760331558883294_865830066,2015-01-14T17:20:20.077Z
897102059529112698_865830066,2015-01-14T17:20:20.088Z
896247112394558167_263909049,2015-01-14T17:20:20.099Z
897750112173552616_374127811,2015-01-14T17:20:20.523Z
897083390241491540_263909049,2015-01-14T17:20:20.529Z
896245113406048936_263909049,2015-01-14T17:20:20.590Z
897617508159262615_865830066,2015-01-15T14:46:05.967Z
894397357653823469_865830066,2015-01-15T14:46:06.015Z
896182935688908644_865830066,2015-01-15T14:46:06.032Z
897294551503292591_263909049,2015-01-15T14:46:06.313Z
896588783246445902_865830066,2015-01-15T14:46:06.321Z
898596910508437358_667596946,2015-01-15T16:59:53.315Z
898596399222779749_667596946,2015-01-15T16:59:53.420Z
898598224172838793_667596946,2015-01-15T17:59:52.690Z
899804129336036920_865830066,2015-01-17T09:29:21.579Z
899137331318034365_865830066,2015-01-17T09:29:21.591Z
899490542667239150_865830066,2015-01-17T09:29:21.671Z
899063502208758602_374127811,2015-01-17T09:29:21.725Z
899389140044083254_374127811,2015-01-17T09:29:21.783Z
899220791025945483_263909049,2015-01-17T09:29:21.909Z
899228452414975847_667596946,2015-01-17T09:29:21.956Z
900745410241433527_865830066,2015-01-19T10:38:16.147Z
899961865484790945_667596946,2015-01-19T10:38:16.377Z
900616350416834321_865830066,2015-01-19T10:38:17.057Z
899961181796461715_667596946,2015-01-19T10:38:18.411Z
900597208773816757_374127811,2015-01-19T10:38:23.184Z
899930099074272864_865830066,2015-01-19T10:38:23.254Z
900548039616302650_865830066,2015-01-19T10:38:24.597Z
900246717010506328_1420672011,2015-01-19T10:38:25.669Z
901376500685556483_263909049,2015-01-19T13:42:38.549Z
901363834839699167_865830066,2015-01-19T13:42:38.945Z
901352334060942047_374127811,2015-01-19T13:42:39.243Z
902189746491387600_667596946,2015-01-20T17:27:42.067Z
902015946611297778_865830066,2015-01-20T17:27:42.116Z
902168312037666061_667596946,2015-01-20T17:27:42.277Z
901578398306879755_263909049,2015-01-20T17:27:42.280Z
902137674985442916_865830066,2015-01-20T17:27:42.466Z
901466743120138186_865830066,2015-01-20T17:27:42.481Z
902113268872010637_280134629,2015-01-20T17:27:42.653Z
902022389778083968_374127811,2015-01-20T17:27:42.790Z
902415115027236908_514102321,2015-01-21T09:01:39.407Z
902363285600278927_1105200965,2015-01-21T09:01:39.655Z
902795172145525232_374127811,2015-01-21T12:03:18.645Z
903498906201910573_667596946,2015-01-22T12:48:25.257Z
852792349711413466_522643595,2015-01-22T12:48:25.306Z
878388928522498239_522643595,2015-01-22T12:48:25.308Z
902977558391355859_10616085,2015-01-22T12:48:25.309Z
899791945926718061_522643595,2015-01-22T12:48:25.579Z
858561211060990178_522643595,2015-01-22T12:48:25.619Z
881322748766859665_522643595,2015-01-22T12:48:25.621Z
902800458517647317_865830066,2015-01-22T12:48:25.623Z
792566971705602762_522643595,2015-01-22T12:48:25.715Z
867524665906049804_522643595,2015-01-22T12:48:25.743Z
883473100337328433_522643595,2015-01-22T12:48:25.778Z
829773093071762397_522643595,2015-01-22T12:48:25.836Z
867250448987861507_522643595,2015-01-22T12:48:25.843Z
900116902221198001_522643595,2015-01-22T12:48:25.844Z
839095953615499670_522643595,2015-01-22T12:48:25.939Z
874120178772226194_522643595,2015-01-22T12:48:25.964Z
891341963288654478_522643595,2015-01-22T12:48:26.003Z
904184579410883021_374127811,2015-01-23T11:07:48.721Z
903685246294332801_5002212,2015-01-23T11:07:48.954Z
904180716361813219_865830066,2015-01-23T11:07:49.119Z
904168629652845320_1511200155,2015-01-23T11:07:49.231Z
903762840028989587_648022065,2015-01-23T11:07:49.285Z
903693222172233181_865830066,2015-01-23T11:07:49.358Z
904360346501510072_374127811,2015-01-23T18:32:49.234Z
904314902089198654_667596946,2015-01-23T18:32:49.263Z
904314545162316851_667596946,2015-01-23T18:32:49.280Z
904461722007105788_374127811,2015-01-23T19:34:02.753Z
904433706002543228_374127811,2015-01-23T19:34:02.766Z
464286696750042784_368308698,2015-01-24T00:34:02.944Z
904970713362754561_667596946,2015-01-24T12:34:04.304Z
904969476781273064_667596946,2015-01-24T12:34:04.317Z
904989803369197739_374127811,2015-01-24T13:34:05.160Z
863181250967164391_246217868,2015-01-24T17:34:06.241Z
905101760055268461_246217868,2015-01-24T17:34:06.254Z
827662961663922138_368308698,2015-01-24T19:34:06.725Z
905608939933790971_374127811,2015-01-25T09:34:06.081Z
905730204813445853_263909049,2015-01-26T09:12:09.000Z
907848643819335840_374127811,2015-01-28T13:44:07.578Z
907074395349709252_374127811,2015-01-28T13:44:08.169Z
906424097337766084_374127811,2015-01-28T13:44:08.443Z
909233046583768031_374127811,2015-01-30T22:41:40.614Z
908919050381186865_1552365916,2015-01-30T22:41:41.355Z
908635886326641596_374127811,2015-01-30T22:41:41.673Z
908515421243306028_374127811,2015-01-30T22:41:41.983Z
908104180421252227_1552365916,2015-01-30T22:41:42.162Z
907993938760980059_1552365916,2015-01-30T22:41:42.363Z
911464156002932670_1552365916,2015-02-02T13:40:10.652Z
911457738768144203_1552365916,2015-02-02T13:40:11.438Z
910821589527075911_14945294,2015-02-02T13:40:11.898Z
910997167867115695_46486741,2015-02-02T13:40:12.285Z
895661765056385257_529636395,2015-02-02T13:40:12.603Z
910040919638437330_667596946,2015-02-02T13:40:12.835Z
910040315046292935_667596946,2015-02-02T13:40:13.371Z
910039697669909948_667596946,2015-02-02T13:40:13.595Z
909339296287900484_316320719,2015-02-02T13:40:13.931Z
911659492005731720_1076426878,2015-02-03T10:37:16.037Z
785367982344593254_1076426878,2015-02-03T10:37:16.085Z
915178794885476159_667596946,2015-02-09T13:26:10.832Z
915177165935243031_667596946,2015-02-09T13:26:11.247Z
915176662878809869_667596946,2015-02-09T13:26:11.387Z
914608084026813838_667596946,2015-02-09T13:26:11.436Z
914607718669380994_667596946,2015-02-09T13:26:11.513Z
914475764985681830_246217868,2015-02-09T13:26:11.587Z
914366693350730787_667596946,2015-02-09T13:26:11.890Z
913765381672235487_1420672011,2015-02-09T13:26:11.955Z
913609174943684251_1552365916,2015-02-09T13:26:12.097Z
913004479947632325_667596946,2015-02-09T13:26:12.437Z
913004074484264635_667596946,2015-02-09T13:26:12.901Z
880605438390083163_14945294,2015-02-09T13:26:12.982Z
888286442827325241_14945294,2015-02-09T13:26:13.080Z
900546581525470571_14945294,2015-02-09T13:26:13.151Z
905001075550232381_14945294,2015-02-09T13:26:13.296Z
918673300149655313_1552365916,2015-02-12T20:38:42.133Z
918661742283609699_1552365916,2015-02-12T20:38:42.146Z
918658209548234526_667596946,2015-02-12T20:38:42.148Z
918657760387552797_1552365916,2015-02-12T20:38:42.150Z
918649879827207580_1552365916,2015-02-12T20:38:42.151Z
917973781570285102_667596946,2015-02-12T20:38:42.153Z
917267104620500741_1552365916,2015-02-12T20:38:42.154Z
917266075120195316_1552365916,2015-02-12T20:38:42.156Z
917264685220124383_1552365916,2015-02-12T20:38:42.157Z
917262511102645948_1552365916,2015-02-12T20:38:42.159Z
879116062783867643_224261185,2015-02-12T20:38:44.496Z
922247817652077271_597765511,2015-02-17T08:39:01.073Z
921989941315990331_1420672011,2015-02-17T08:39:01.082Z
920368736144148496_263909049,2015-02-17T08:39:01.088Z
920201767207989028_667596946,2015-02-17T08:39:01.090Z
920200467837775613_667596946,2015-02-17T08:39:01.093Z
736352548608673866_350709481,2015-02-17T08:39:01.101Z
668251561298102325_350709481,2015-02-17T08:39:01.102Z
474505117895624787_350709481,2015-02-17T08:39:01.104Z
919674947853249789_667596946,2015-02-17T08:39:01.108Z
919333908842960215_1552365916,2015-02-17T08:39:01.110Z
