social,likes,createdDate
"instagram",693,2014-12-16T08:33:35Z
"instagram",693,2014-12-16T09:34:06Z
"instagram",696,2014-12-16T10:34:37Z
"facebook",120,2014-12-16T11:35:06Z
"instagram",697,2014-12-16T11:35:08Z
"facebook",121,2014-12-16T12:35:38Z
"instagram",698,2014-12-16T12:35:39Z
"facebook",123,2014-12-16T13:36:09Z
"instagram",700,2014-12-16T13:36:10Z
"facebook",123,2014-12-16T14:36:40Z
"instagram",699,2014-12-16T14:36:42Z
"facebook",125,2014-12-16T15:37:11Z
"instagram",699,2014-12-16T15:37:13Z
"facebook",125,2014-12-16T16:37:42Z
"facebook",127,2014-12-16T17:38:14Z
"facebook",128,2014-12-16T18:38:46Z
"facebook",132,2014-12-16T19:39:18Z
"facebook",132,2014-12-16T20:39:50Z
"facebook",134,2014-12-16T21:40:22Z
"facebook",136,2014-12-16T22:40:54Z
"facebook",136,2014-12-16T23:41:26Z
"facebook",136,2014-12-17T00:41:58Z
"facebook",136,2014-12-17T01:42:29Z
"instagram",687,2014-12-15T23:28:53Z
"instagram",690,2014-12-16T00:29:25Z
"instagram",690,2014-12-16T01:29:57Z
"instagram",690,2014-12-16T02:30:27Z
"instagram",689,2014-12-16T03:30:59Z
"instagram",689,2014-12-16T04:31:30Z
"instagram",689,2014-12-16T05:32:02Z
"facebook",110,2014-12-16T06:32:31Z
"instagram",690,2014-12-16T06:32:32Z
"facebook",113,2014-12-16T07:33:02Z
"instagram",692,2014-12-16T07:33:04Z
"facebook",115,2014-12-16T08:33:34Z
"facebook",115,2014-12-16T09:34:05Z
"facebook",118,2014-12-16T10:34:35Z
"facebook",94,2014-12-15T11:04:46Z
"instagram",710,2014-12-17T02:43:03Z
"instagram",710,2014-12-17T03:43:35Z
"instagram",710,2014-12-17T04:44:08Z
"instagram",710,2014-12-17T05:44:34Z
"instagram",710,2014-12-17T06:45:07Z
"facebook",137,2014-12-17T07:45:36Z
"instagram",712,2014-12-17T07:45:38Z
"facebook",137,2014-12-17T08:46:07Z
"instagram",712,2014-12-17T08:46:10Z
"facebook",137,2014-12-17T09:46:39Z
"instagram",712,2014-12-17T09:46:41Z
"facebook",137,2014-12-17T10:47:10Z
"instagram",712,2014-12-17T10:47:12Z
"facebook",138,2014-12-17T11:47:41Z
"facebook",138,2014-12-17T12:48:12Z
"facebook",140,2014-12-17T13:48:46Z
"facebook",141,2014-12-17T17:50:56Z
"facebook",142,2014-12-17T18:51:29Z
"facebook",143,2014-12-17T19:52:03Z
"facebook",143,2014-12-17T20:52:35Z
"facebook",145,2014-12-17T21:53:18Z
"facebook",145,2014-12-17T22:53:52Z
"facebook",145,2014-12-17T23:54:25Z
"facebook",145,2014-12-18T00:54:59Z
"facebook",145,2014-12-18T01:55:33Z
"facebook",145,2014-12-18T02:56:05Z
"facebook",145,2014-12-18T03:56:37Z
"instagram",700,2014-12-16T16:37:44Z
"instagram",701,2014-12-16T17:38:16Z
"instagram",700,2014-12-16T18:38:48Z
"instagram",702,2014-12-16T19:39:21Z
"instagram",703,2014-12-16T20:39:52Z
"instagram",709,2014-12-16T21:40:24Z
"instagram",709,2014-12-16T22:40:56Z
"instagram",710,2014-12-16T23:41:28Z
"instagram",710,2014-12-17T00:42:00Z
"instagram",710,2014-12-17T01:42:32Z
"facebook",136,2014-12-17T02:43:01Z
"facebook",136,2014-12-17T03:43:33Z
"facebook",136,2014-12-17T04:44:06Z
"facebook",136,2014-12-17T05:44:32Z
"facebook",137,2014-12-17T06:45:05Z
"facebook",94,2014-12-15T12:05:16Z
"facebook",94,2014-12-15T13:05:47Z
"facebook",94,2014-12-15T14:06:18Z
"facebook",94,2014-12-15T15:06:49Z
"facebook",94,2014-12-15T15:11:30Z
"facebook",95,2014-12-15T16:12:02Z
"facebook",95,2014-12-15T16:23:47Z
"facebook",95,2014-12-15T16:25:08Z
"facebook",95,2014-12-15T17:25:39Z
"facebook",95,2014-12-15T18:26:11Z
"instagram",683,2014-12-15T16:12:03Z
"instagram",683,2014-12-15T16:23:49Z
"instagram",683,2014-12-15T16:25:09Z
"instagram",683,2014-12-15T17:25:41Z
"instagram",683,2014-12-15T18:26:12Z
"instagram",683,2014-12-15T19:26:43Z
"instagram",683,2014-12-15T20:27:15Z
"instagram",683,2014-12-15T21:27:48Z
"instagram",685,2014-12-15T22:28:21Z
"facebook",110,2014-12-16T01:29:55Z
"facebook",110,2014-12-16T02:30:26Z
"facebook",110,2014-12-16T03:30:57Z
"facebook",110,2014-12-16T04:31:29Z
"facebook",110,2014-12-16T05:32:00Z
"instagram",671,2014-12-15T11:04:47Z
"instagram",677,2014-12-15T12:05:18Z
"instagram",682,2014-12-15T13:05:48Z
"instagram",682,2014-12-15T14:06:20Z
"instagram",683,2014-12-15T15:06:51Z
"instagram",683,2014-12-15T15:11:32Z
"facebook",95,2014-12-15T19:26:42Z
"facebook",97,2014-12-15T20:27:13Z
"facebook",97,2014-12-15T21:27:47Z
"facebook",105,2014-12-15T22:28:19Z
"facebook",109,2014-12-15T23:28:52Z
"facebook",109,2014-12-16T00:29:24Z
"instagram",716,2014-12-17T11:47:43Z
"instagram",719,2014-12-17T12:48:15Z
"instagram",720,2014-12-17T13:48:48Z
"facebook",141,2014-12-17T14:49:18Z
"facebook",141,2014-12-17T15:49:50Z
"facebook",141,2014-12-17T16:50:23Z
"instagram",722,2014-12-17T14:49:20Z
"instagram",721,2014-12-17T15:49:53Z
"instagram",722,2014-12-17T16:50:25Z
"instagram",723,2014-12-17T17:50:58Z
"instagram",724,2014-12-17T18:51:32Z
"instagram",724,2014-12-17T19:52:05Z
"instagram",725,2014-12-17T20:52:37Z
"instagram",725,2014-12-17T21:53:20Z
"instagram",727,2014-12-17T22:53:54Z
"instagram",727,2014-12-17T23:54:28Z
"instagram",727,2014-12-18T00:55:01Z
"instagram",727,2014-12-18T01:55:35Z
"instagram",727,2014-12-18T02:56:07Z
"instagram",727,2014-12-18T03:56:39Z
"facebook",145,2014-12-18T04:57:10Z
"instagram",727,2014-12-18T04:57:12Z
"facebook",145,2014-12-18T05:57:42Z
"instagram",727,2014-12-18T05:57:45Z
"facebook",145,2014-12-18T06:58:15Z
"instagram",728,2014-12-18T06:58:17Z
"facebook",145,2014-12-18T07:58:47Z
"instagram",728,2014-12-18T07:58:49Z
"facebook",145,2014-12-18T08:59:19Z
"instagram",728,2014-12-18T08:59:21Z
"facebook",145,2014-12-18T09:59:51Z
"instagram",728,2014-12-18T09:59:53Z
"facebook",146,2014-12-18T11:00:22Z
"instagram",730,2014-12-18T11:00:25Z
"facebook",147,2014-12-18T12:00:54Z
"instagram",734,2014-12-18T12:00:57Z
"facebook",147,2014-12-18T13:01:27Z
"instagram",734,2014-12-18T13:01:29Z
"facebook",149,2014-12-18T14:01:59Z
"instagram",734,2014-12-18T14:02:01Z
"facebook",149,2014-12-18T15:02:32Z
"instagram",733,2014-12-18T15:02:34Z
"facebook",150,2014-12-18T16:03:05Z
"instagram",732,2014-12-18T16:03:07Z
"facebook",150,2014-12-18T17:03:38Z
"instagram",732,2014-12-18T17:03:40Z
"facebook",150,2014-12-18T18:04:12Z
"instagram",732,2014-12-18T18:04:14Z
"facebook",150,2014-12-18T19:04:45Z
"instagram",732,2014-12-18T19:04:48Z
"facebook",150,2014-12-18T20:05:18Z
"instagram",732,2014-12-18T20:05:21Z
"facebook",151,2014-12-18T21:05:51Z
"instagram",732,2014-12-18T21:05:54Z
"facebook",153,2014-12-18T22:06:25Z
"instagram",732,2014-12-18T22:06:28Z
"facebook",154,2014-12-18T23:06:58Z
"instagram",732,2014-12-18T23:07:19Z
"facebook",154,2014-12-19T00:07:53Z
"instagram",732,2014-12-19T00:07:56Z
"facebook",154,2014-12-19T01:08:27Z
"instagram",733,2014-12-19T01:08:30Z
"facebook",154,2014-12-19T02:09:00Z
"instagram",732,2014-12-19T02:09:02Z
"facebook",154,2014-12-19T03:09:33Z
"instagram",732,2014-12-19T03:09:35Z
"facebook",154,2014-12-19T04:10:05Z
"instagram",732,2014-12-19T04:10:08Z
"facebook",154,2014-12-19T05:10:38Z
"instagram",732,2014-12-19T05:10:40Z
"facebook",154,2014-12-19T06:11:11Z
"instagram",732,2014-12-19T06:11:13Z
"facebook",154,2014-12-19T07:11:43Z
"instagram",734,2014-12-19T07:11:46Z
"facebook",154,2014-12-19T08:12:16Z
"instagram",733,2014-12-19T08:12:18Z
"facebook",154,2014-12-19T09:12:48Z
"instagram",733,2014-12-19T09:12:50Z
"facebook",154,2014-12-19T10:13:21Z
"instagram",735,2014-12-19T10:13:23Z
"facebook",155,2014-12-19T11:13:53Z
"instagram",735,2014-12-19T11:13:55Z
"facebook",155,2014-12-19T12:14:26Z
"instagram",739,2014-12-19T12:14:28Z
"facebook",155,2014-12-19T13:14:59Z
"instagram",739,2014-12-19T13:15:01Z
"facebook",155,2014-12-19T14:15:32Z
"instagram",740,2014-12-19T14:15:35Z
"facebook",155,2014-12-19T15:16:05Z
"instagram",741,2014-12-19T15:16:08Z
"facebook",155,2014-12-19T16:16:39Z
"instagram",743,2014-12-19T16:16:42Z
"facebook",155,2014-12-19T17:17:12Z
"instagram",743,2014-12-19T17:17:15Z
"facebook",156,2014-12-19T18:17:46Z
"instagram",744,2014-12-19T18:17:48Z
"facebook",156,2014-12-19T19:18:19Z
"instagram",743,2014-12-19T19:18:21Z
"facebook",156,2014-12-19T20:18:52Z
"instagram",743,2014-12-19T20:18:54Z
"facebook",157,2014-12-19T21:19:26Z
"instagram",743,2014-12-19T21:19:29Z
"facebook",158,2014-12-19T22:20:01Z
"instagram",747,2014-12-19T22:20:03Z
"facebook",160,2014-12-19T23:20:34Z
"instagram",747,2014-12-19T23:20:37Z
"facebook",160,2014-12-20T00:21:07Z
"instagram",746,2014-12-20T00:21:10Z
"facebook",160,2014-12-20T01:21:40Z
"instagram",746,2014-12-20T01:21:43Z
"facebook",160,2014-12-20T02:22:13Z
"instagram",746,2014-12-20T02:22:16Z
"facebook",160,2014-12-20T03:22:47Z
"instagram",746,2014-12-20T03:22:50Z
"facebook",160,2014-12-20T04:23:20Z
"instagram",746,2014-12-20T04:23:23Z
"facebook",160,2014-12-20T05:23:53Z
"instagram",746,2014-12-20T05:23:55Z
"facebook",160,2014-12-20T06:24:27Z
"instagram",746,2014-12-20T06:24:29Z
"facebook",160,2014-12-20T07:24:59Z
"instagram",746,2014-12-20T07:25:02Z
"facebook",160,2014-12-20T08:25:32Z
"instagram",746,2014-12-20T08:25:35Z
"facebook",160,2014-12-20T09:26:05Z
"instagram",746,2014-12-20T09:26:07Z
"facebook",160,2014-12-20T10:26:37Z
"instagram",746,2014-12-20T10:26:40Z
"facebook",160,2014-12-20T11:27:10Z
"instagram",746,2014-12-20T11:27:12Z
"facebook",160,2014-12-20T12:27:43Z
"instagram",747,2014-12-20T12:27:45Z
"facebook",161,2014-12-20T13:28:16Z
"instagram",747,2014-12-20T13:28:19Z
"facebook",161,2014-12-20T14:28:49Z
"instagram",748,2014-12-20T14:28:51Z
"facebook",161,2014-12-20T15:29:22Z
"instagram",752,2014-12-20T15:29:25Z
"facebook",161,2014-12-20T16:29:56Z
"instagram",753,2014-12-20T16:29:59Z
"facebook",161,2014-12-20T17:30:31Z
"instagram",754,2014-12-20T17:30:33Z
"facebook",161,2014-12-20T18:31:04Z
"instagram",755,2014-12-20T18:31:07Z
"facebook",163,2014-12-20T19:31:38Z
"instagram",755,2014-12-20T19:31:41Z
"facebook",163,2014-12-20T20:32:12Z
"instagram",756,2014-12-20T20:32:15Z
"facebook",163,2014-12-20T21:32:46Z
"instagram",756,2014-12-20T21:32:48Z
"facebook",163,2014-12-20T22:33:19Z
"instagram",757,2014-12-20T22:33:22Z
"facebook",164,2014-12-20T23:33:53Z
"instagram",757,2014-12-20T23:33:56Z
"facebook",164,2014-12-21T00:34:27Z
"instagram",759,2014-12-21T00:34:30Z
"facebook",164,2014-12-21T01:35:01Z
"instagram",759,2014-12-21T01:35:03Z
"facebook",164,2014-12-21T02:35:34Z
"instagram",759,2014-12-21T02:35:36Z
"facebook",164,2014-12-21T03:36:07Z
"instagram",759,2014-12-21T03:36:10Z
"facebook",164,2014-12-21T04:36:42Z
"instagram",759,2014-12-21T04:36:44Z
"facebook",164,2014-12-21T05:37:15Z
"instagram",759,2014-12-21T05:37:18Z
"facebook",164,2014-12-21T06:37:49Z
"instagram",759,2014-12-21T06:37:51Z
"facebook",164,2014-12-21T07:38:21Z
"instagram",760,2014-12-21T07:38:24Z
"facebook",164,2014-12-21T08:38:54Z
"instagram",761,2014-12-21T08:38:56Z
"facebook",164,2014-12-21T09:39:27Z
"instagram",762,2014-12-21T09:39:30Z
"facebook",164,2014-12-21T10:40:01Z
"instagram",762,2014-12-21T10:40:03Z
"facebook",164,2014-12-21T11:40:33Z
"instagram",762,2014-12-21T11:40:36Z
"facebook",164,2014-12-21T12:41:06Z
"instagram",762,2014-12-21T12:41:09Z
"facebook",164,2014-12-21T13:41:39Z
"instagram",772,2014-12-21T13:41:42Z
"facebook",164,2014-12-21T14:42:14Z
"instagram",784,2014-12-21T14:42:16Z
"facebook",165,2014-12-21T15:42:48Z
"instagram",787,2014-12-21T15:42:51Z
"facebook",165,2014-12-21T16:43:24Z
"instagram",789,2014-12-21T16:43:26Z
"facebook",165,2014-12-21T17:44:00Z
"instagram",789,2014-12-21T17:44:02Z
"facebook",165,2014-12-21T18:44:35Z
"instagram",793,2014-12-21T18:44:38Z
"facebook",165,2014-12-21T19:45:11Z
"instagram",793,2014-12-21T19:45:14Z
"facebook",165,2014-12-21T20:45:46Z
"instagram",795,2014-12-21T20:45:48Z
"facebook",167,2014-12-21T21:46:20Z
"instagram",796,2014-12-21T21:46:23Z
"facebook",167,2014-12-21T22:46:55Z
"instagram",796,2014-12-21T22:46:57Z
"facebook",167,2014-12-21T23:47:30Z
"instagram",796,2014-12-21T23:47:33Z
"facebook",167,2014-12-22T00:48:04Z
"instagram",796,2014-12-22T00:48:07Z
"facebook",167,2014-12-22T01:48:39Z
"instagram",796,2014-12-22T01:48:42Z
"facebook",167,2014-12-22T02:49:13Z
"instagram",797,2014-12-22T02:49:16Z
"facebook",167,2014-12-22T03:49:47Z
"instagram",797,2014-12-22T03:49:50Z
"facebook",167,2014-12-22T04:50:21Z
"instagram",797,2014-12-22T04:50:24Z
"facebook",167,2014-12-22T05:50:55Z
"instagram",797,2014-12-22T05:50:58Z
"facebook",167,2014-12-22T06:51:30Z
"instagram",798,2014-12-22T06:51:33Z
"facebook",167,2014-12-22T07:52:04Z
"instagram",797,2014-12-22T07:52:07Z
"facebook",168,2014-12-22T08:52:38Z
"instagram",797,2014-12-22T08:52:41Z
"facebook",168,2014-12-22T09:53:12Z
"instagram",797,2014-12-22T09:53:14Z
"facebook",170,2014-12-22T10:53:45Z
"instagram",797,2014-12-22T10:53:48Z
"facebook",171,2014-12-22T11:54:18Z
"instagram",798,2014-12-22T11:54:21Z
"facebook",173,2014-12-22T12:54:52Z
"instagram",800,2014-12-22T12:54:55Z
"facebook",174,2014-12-22T13:55:27Z
"instagram",800,2014-12-22T13:55:30Z
"facebook",175,2014-12-22T14:56:02Z
"instagram",802,2014-12-22T14:56:05Z
"facebook",175,2014-12-22T15:56:37Z
"instagram",802,2014-12-22T15:56:40Z
"facebook",176,2014-12-22T16:57:11Z
"instagram",802,2014-12-22T16:57:14Z
"facebook",176,2014-12-22T17:57:45Z
"instagram",802,2014-12-22T17:57:48Z
"facebook",176,2014-12-22T18:58:19Z
"instagram",802,2014-12-22T18:58:22Z
"facebook",177,2014-12-22T19:58:54Z
"instagram",802,2014-12-22T19:58:57Z
"facebook",178,2014-12-22T20:59:29Z
"facebook",179,2014-12-22T22:00:04Z
"facebook",179,2014-12-22T23:00:39Z
"facebook",179,2014-12-23T00:01:13Z
"facebook",179,2014-12-23T01:01:47Z
"facebook",179,2014-12-23T02:02:21Z
"facebook",179,2014-12-23T03:02:55Z
"facebook",179,2014-12-23T04:03:28Z
"facebook",180,2014-12-23T05:04:03Z
"facebook",180,2014-12-23T06:04:36Z
"facebook",180,2014-12-23T07:05:11Z
"facebook",180,2014-12-23T08:05:44Z
"facebook",180,2014-12-23T09:06:18Z
"facebook",180,2014-12-23T10:06:50Z
"facebook",180,2014-12-23T10:09:36Z
"facebook",181,2014-12-23T11:10:09Z
"facebook",183,2014-12-23T12:10:43Z
"facebook",183,2014-12-23T13:11:17Z
"instagram",802,2014-12-22T20:59:31Z
"instagram",802,2014-12-22T22:00:07Z
"instagram",803,2014-12-22T23:00:42Z
"instagram",803,2014-12-23T00:01:16Z
"instagram",803,2014-12-23T01:01:50Z
"instagram",803,2014-12-23T02:02:24Z
"instagram",803,2014-12-23T03:02:58Z
"instagram",803,2014-12-23T04:03:31Z
"instagram",803,2014-12-23T05:04:05Z
"instagram",803,2014-12-23T06:04:39Z
"instagram",803,2014-12-23T07:05:13Z
"instagram",802,2014-12-23T08:05:47Z
"instagram",802,2014-12-23T09:06:20Z
"instagram",803,2014-12-23T10:06:53Z
"instagram",803,2014-12-23T10:09:48Z
"instagram",803,2014-12-23T11:10:22Z
"instagram",804,2014-12-23T12:10:56Z
"instagram",802,2014-12-23T13:11:29Z
"facebook",183,2014-12-23T14:11:51Z
"instagram",802,2014-12-23T14:12:03Z
"facebook",183,2014-12-23T15:12:24Z
"instagram",803,2014-12-23T15:12:37Z
"facebook",183,2014-12-23T16:12:58Z
"instagram",803,2014-12-23T16:13:11Z
"facebook",183,2014-12-23T17:13:34Z
"instagram",802,2014-12-23T17:13:47Z
"facebook",184,2014-12-23T18:14:08Z
"instagram",801,2014-12-23T18:14:21Z
"facebook",184,2014-12-23T19:14:43Z
"instagram",801,2014-12-23T19:14:56Z
"facebook",184,2014-12-23T20:15:17Z
"instagram",801,2014-12-23T20:15:30Z
"facebook",186,2014-12-23T21:15:51Z
"instagram",802,2014-12-23T21:16:04Z
"facebook",186,2014-12-23T22:16:26Z
"instagram",805,2014-12-23T22:16:39Z
"facebook",186,2014-12-23T23:17:02Z
"instagram",807,2014-12-23T23:17:14Z
"facebook",186,2014-12-24T00:17:36Z
"instagram",807,2014-12-24T00:17:48Z
"facebook",186,2014-12-24T01:18:10Z
"instagram",808,2014-12-24T01:18:23Z
"facebook",186,2014-12-24T02:18:44Z
"instagram",808,2014-12-24T02:18:57Z
"facebook",186,2014-12-24T03:19:17Z
"instagram",808,2014-12-24T03:19:30Z
"facebook",186,2014-12-24T04:19:51Z
"instagram",808,2014-12-24T04:20:04Z
"facebook",186,2014-12-24T05:20:26Z
"instagram",808,2014-12-24T05:20:38Z
"facebook",186,2014-12-24T06:20:59Z
"instagram",808,2014-12-24T06:21:12Z
"facebook",186,2014-12-24T07:21:33Z
"instagram",808,2014-12-24T07:21:45Z
"facebook",186,2014-12-24T08:22:06Z
"instagram",808,2014-12-24T08:22:18Z
"facebook",187,2014-12-24T09:22:39Z
"instagram",809,2014-12-24T09:22:51Z
"facebook",187,2014-12-24T10:23:12Z
"instagram",809,2014-12-24T10:23:24Z
"facebook",187,2014-12-24T11:23:45Z
"instagram",807,2014-12-24T11:23:57Z
"facebook",187,2014-12-24T12:24:19Z
"instagram",807,2014-12-24T12:24:32Z
"facebook",187,2014-12-24T13:24:52Z
"instagram",807,2014-12-24T13:25:04Z
"facebook",187,2014-12-24T14:25:26Z
"instagram",808,2014-12-24T14:25:38Z
"facebook",187,2014-12-24T15:25:59Z
"instagram",809,2014-12-24T15:26:12Z
"facebook",187,2014-12-24T16:26:34Z
"instagram",809,2014-12-24T16:26:47Z
"facebook",187,2014-12-24T17:27:08Z
"instagram",808,2014-12-24T17:27:24Z
"facebook",187,2014-12-24T18:27:44Z
"instagram",809,2014-12-24T18:27:56Z
"facebook",187,2014-12-24T19:28:17Z
"instagram",809,2014-12-24T19:28:31Z
"facebook",187,2014-12-24T20:28:52Z
"instagram",809,2014-12-24T20:29:05Z
"facebook",187,2014-12-24T21:29:26Z
"instagram",809,2014-12-24T21:29:39Z
"facebook",187,2014-12-24T22:30:00Z
"instagram",811,2014-12-24T22:30:13Z
"facebook",187,2014-12-24T23:30:34Z
"instagram",811,2014-12-24T23:30:47Z
"facebook",187,2014-12-25T00:31:10Z
"instagram",811,2014-12-25T00:31:22Z
"facebook",187,2014-12-25T01:31:44Z
"instagram",812,2014-12-25T01:31:56Z
"facebook",187,2014-12-25T02:32:17Z
"instagram",812,2014-12-25T02:32:30Z
"facebook",187,2014-12-25T03:32:51Z
"instagram",812,2014-12-25T03:33:04Z
"facebook",187,2014-12-25T04:33:25Z
"instagram",812,2014-12-25T04:33:37Z
"facebook",187,2014-12-25T05:33:58Z
"instagram",812,2014-12-25T05:34:10Z
"facebook",187,2014-12-25T06:34:32Z
"instagram",812,2014-12-25T06:34:44Z
"facebook",187,2014-12-25T07:35:05Z
"instagram",812,2014-12-25T07:35:18Z
"facebook",187,2014-12-25T08:35:40Z
"instagram",813,2014-12-25T08:35:53Z
"facebook",187,2014-12-25T09:36:15Z
"instagram",813,2014-12-25T09:36:27Z
"facebook",187,2014-12-25T10:36:48Z
"instagram",813,2014-12-25T10:37:01Z
"facebook",187,2014-12-25T11:37:22Z
"instagram",813,2014-12-25T11:37:35Z
"facebook",187,2014-12-25T12:37:57Z
"instagram",813,2014-12-25T12:38:10Z
"facebook",187,2014-12-25T13:38:31Z
"instagram",813,2014-12-25T13:38:43Z
"facebook",187,2014-12-25T14:39:04Z
"instagram",813,2014-12-25T14:39:17Z
"facebook",187,2014-12-25T15:39:38Z
"instagram",813,2014-12-25T15:39:51Z
"facebook",187,2014-12-25T16:40:14Z
"instagram",813,2014-12-25T16:40:26Z
"facebook",188,2014-12-25T17:40:48Z
"instagram",813,2014-12-25T17:41:01Z
"facebook",188,2014-12-25T18:41:47Z
"instagram",813,2014-12-25T18:42:05Z
"facebook",188,2014-12-25T19:42:29Z
"instagram",814,2014-12-25T19:42:46Z
"facebook",188,2014-12-25T20:43:24Z
"facebook",188,2014-12-25T21:44:30Z
"instagram",814,2014-12-25T21:44:45Z
"facebook",188,2014-12-25T22:45:21Z
"instagram",814,2014-12-25T22:45:33Z
"facebook",188,2014-12-25T23:45:53Z
"instagram",814,2014-12-25T23:46:06Z
"facebook",188,2014-12-26T00:46:29Z
"instagram",815,2014-12-26T00:46:41Z
"facebook",188,2014-12-26T01:47:02Z
"instagram",815,2014-12-26T01:47:14Z
"facebook",188,2014-12-26T02:47:35Z
"instagram",815,2014-12-26T02:47:48Z
"facebook",188,2014-12-26T03:48:08Z
"instagram",815,2014-12-26T03:48:20Z
"facebook",188,2014-12-26T04:48:41Z
"instagram",815,2014-12-26T04:48:53Z
"facebook",188,2014-12-26T05:49:14Z
"instagram",815,2014-12-26T05:49:26Z
"facebook",188,2014-12-26T06:49:46Z
"instagram",816,2014-12-26T06:49:58Z
"facebook",188,2014-12-26T07:50:20Z
"instagram",816,2014-12-26T07:50:32Z
"facebook",188,2014-12-26T08:50:53Z
"instagram",816,2014-12-26T08:51:05Z
"facebook",189,2014-12-26T09:51:25Z
"instagram",817,2014-12-26T09:51:37Z
"facebook",189,2014-12-26T10:51:58Z
"instagram",817,2014-12-26T10:52:10Z
"facebook",189,2014-12-26T11:52:30Z
"instagram",817,2014-12-26T11:52:42Z
"facebook",190,2014-12-26T12:53:03Z
"instagram",817,2014-12-26T12:53:15Z
"facebook",191,2014-12-26T13:53:35Z
"instagram",817,2014-12-26T13:53:48Z
"facebook",191,2014-12-26T14:54:08Z
"instagram",817,2014-12-26T14:54:21Z
"facebook",191,2014-12-26T15:54:41Z
"instagram",818,2014-12-26T15:54:53Z
"facebook",192,2014-12-26T16:55:13Z
"instagram",818,2014-12-26T16:55:25Z
"facebook",192,2014-12-26T17:55:45Z
"instagram",818,2014-12-26T17:55:59Z
"facebook",193,2014-12-26T18:56:28Z
"instagram",819,2014-12-26T18:56:42Z
"facebook",193,2014-12-26T19:57:15Z
"instagram",819,2014-12-26T19:57:36Z
"facebook",193,2014-12-26T20:58:05Z
"instagram",819,2014-12-26T20:58:28Z
"facebook",193,2014-12-26T21:59:03Z
"instagram",819,2014-12-26T21:59:20Z
"facebook",193,2014-12-26T22:59:47Z
"instagram",818,2014-12-26T23:00:00Z
"facebook",193,2014-12-27T00:00:22Z
"instagram",819,2014-12-27T00:00:34Z
"facebook",193,2014-12-27T01:00:56Z
"instagram",820,2014-12-27T01:01:09Z
"facebook",193,2014-12-27T02:01:29Z
"instagram",820,2014-12-27T02:01:41Z
"facebook",193,2014-12-27T03:02:02Z
"instagram",820,2014-12-27T03:02:14Z
"facebook",194,2014-12-27T04:02:35Z
"instagram",820,2014-12-27T04:02:47Z
"facebook",194,2014-12-27T05:03:07Z
"instagram",820,2014-12-27T05:03:19Z
"facebook",194,2014-12-27T06:03:40Z
"instagram",820,2014-12-27T06:03:52Z
"facebook",194,2014-12-27T07:04:12Z
"instagram",820,2014-12-27T07:04:25Z
"facebook",194,2014-12-27T08:04:45Z
"instagram",820,2014-12-27T08:04:57Z
"facebook",194,2014-12-27T09:05:18Z
"instagram",820,2014-12-27T09:05:31Z
"facebook",195,2014-12-27T10:05:51Z
"instagram",820,2014-12-27T10:06:03Z
"facebook",195,2014-12-27T11:06:23Z
"instagram",826,2014-12-27T11:06:35Z
"facebook",195,2014-12-27T12:06:55Z
"instagram",826,2014-12-27T12:07:08Z
"facebook",195,2014-12-27T13:07:28Z
"instagram",828,2014-12-27T13:07:41Z
"facebook",195,2014-12-27T14:08:01Z
"instagram",829,2014-12-27T14:08:14Z
"facebook",196,2014-12-27T15:08:33Z
"instagram",828,2014-12-27T15:08:46Z
"facebook",196,2014-12-27T16:09:05Z
"instagram",829,2014-12-27T16:09:19Z
"facebook",197,2014-12-27T17:09:39Z
"instagram",829,2014-12-27T17:09:53Z
"facebook",197,2014-12-27T18:10:18Z
"instagram",829,2014-12-27T18:10:44Z
"facebook",197,2014-12-27T19:11:03Z
"instagram",829,2014-12-27T19:11:23Z
"facebook",197,2014-12-27T20:11:56Z
"instagram",830,2014-12-27T20:12:15Z
"facebook",197,2014-12-27T21:12:50Z
"instagram",830,2014-12-27T21:13:03Z
"facebook",198,2014-12-27T22:13:25Z
"instagram",830,2014-12-27T22:13:38Z
"facebook",198,2014-12-27T23:14:00Z
"instagram",830,2014-12-27T23:14:13Z
"facebook",198,2014-12-28T00:14:35Z
"instagram",830,2014-12-28T00:14:48Z
"facebook",198,2014-12-28T01:15:10Z
"instagram",830,2014-12-28T01:15:23Z
"facebook",198,2014-12-28T02:15:40Z
"instagram",830,2014-12-28T02:15:53Z
"facebook",198,2014-12-28T03:16:15Z
"instagram",830,2014-12-28T03:16:28Z
"facebook",198,2014-12-28T04:16:49Z
"instagram",830,2014-12-28T04:17:02Z
"facebook",198,2014-12-28T05:17:24Z
"instagram",830,2014-12-28T05:17:37Z
"facebook",198,2014-12-28T06:17:59Z
"instagram",830,2014-12-28T06:18:12Z
"facebook",199,2014-12-28T07:18:33Z
"instagram",830,2014-12-28T07:18:46Z
"facebook",199,2014-12-28T08:19:07Z
"instagram",830,2014-12-28T08:19:20Z
"facebook",199,2014-12-28T09:19:41Z
"instagram",831,2014-12-28T09:19:54Z
"facebook",200,2014-12-28T10:20:15Z
"facebook",200,2014-12-28T11:20:49Z
"facebook",202,2014-12-28T12:21:23Z
"facebook",202,2014-12-28T13:21:57Z
"facebook",202,2014-12-28T14:22:31Z
"facebook",202,2014-12-28T15:23:05Z
"facebook",202,2014-12-28T16:23:40Z
"facebook",204,2014-12-28T17:24:14Z
"facebook",204,2014-12-28T18:24:49Z
"facebook",206,2014-12-28T19:24:53Z
"facebook",206,2014-12-28T20:25:27Z
"facebook",206,2014-12-28T21:26:07Z
"facebook",209,2014-12-28T22:26:42Z
"facebook",214,2014-12-28T23:27:17Z
"facebook",215,2014-12-29T00:27:52Z
"facebook",215,2014-12-29T01:28:43Z
"facebook",215,2014-12-29T02:29:18Z
"facebook",215,2014-12-29T03:29:52Z
"facebook",215,2014-12-29T04:30:27Z
"facebook",215,2014-12-29T05:31:01Z
"facebook",215,2014-12-29T06:31:36Z
"facebook",215,2014-12-29T07:32:10Z
"facebook",215,2014-12-29T08:32:45Z
"facebook",215,2014-12-29T09:33:19Z
"facebook",215,2014-12-29T10:33:53Z
"facebook",215,2014-12-29T11:34:27Z
"facebook",217,2014-12-29T12:35:01Z
"facebook",220,2014-12-29T13:35:34Z
"facebook",220,2014-12-29T14:36:09Z
"facebook",221,2014-12-29T15:36:43Z
"facebook",223,2014-12-29T16:37:19Z
"facebook",226,2014-12-29T17:37:54Z
"facebook",227,2014-12-29T18:38:28Z
"facebook",227,2014-12-29T19:39:04Z
"facebook",229,2014-12-29T20:39:39Z
"facebook",231,2014-12-29T21:40:14Z
"facebook",232,2014-12-29T22:40:49Z
"facebook",234,2014-12-29T23:41:25Z
"facebook",234,2014-12-30T00:42:00Z
"facebook",234,2014-12-30T01:42:35Z
"facebook",234,2014-12-30T02:43:09Z
"facebook",234,2014-12-30T03:43:44Z
"facebook",234,2014-12-30T04:44:18Z
"facebook",234,2014-12-30T05:44:53Z
"facebook",234,2014-12-30T06:45:28Z
"facebook",234,2014-12-30T07:46:02Z
"facebook",234,2014-12-30T08:46:37Z
"facebook",234,2014-12-30T09:47:11Z
"instagram",833,2014-12-28T10:20:28Z
"instagram",835,2014-12-28T11:21:02Z
"instagram",835,2014-12-28T12:21:36Z
"instagram",836,2014-12-28T13:22:10Z
"instagram",837,2014-12-28T14:22:44Z
"instagram",844,2014-12-28T15:23:18Z
"instagram",846,2014-12-28T16:23:53Z
"instagram",846,2014-12-28T17:24:28Z
"instagram",847,2014-12-28T19:25:06Z
"instagram",847,2014-12-28T20:25:41Z
"instagram",847,2014-12-28T21:26:21Z
"instagram",849,2014-12-28T22:26:55Z
"instagram",851,2014-12-28T23:27:31Z
"instagram",852,2014-12-29T00:28:15Z
"instagram",852,2014-12-29T01:28:57Z
"instagram",852,2014-12-29T02:29:32Z
"instagram",852,2014-12-29T03:30:06Z
"instagram",852,2014-12-29T04:30:41Z
"instagram",852,2014-12-29T05:31:15Z
"instagram",852,2014-12-29T06:31:50Z
"instagram",852,2014-12-29T07:32:24Z
"instagram",852,2014-12-29T08:32:58Z
"instagram",852,2014-12-29T09:33:33Z
"instagram",852,2014-12-29T10:34:06Z
"instagram",853,2014-12-29T11:34:41Z
"instagram",862,2014-12-29T12:35:14Z
"instagram",863,2014-12-29T13:35:48Z
"instagram",865,2014-12-29T14:36:22Z
"instagram",869,2014-12-29T15:36:57Z
"instagram",871,2014-12-29T16:37:33Z
"instagram",874,2014-12-29T17:38:08Z
"instagram",874,2014-12-29T18:38:43Z
"instagram",875,2014-12-29T19:39:18Z
"instagram",876,2014-12-29T20:39:53Z
"instagram",878,2014-12-29T21:40:28Z
"instagram",881,2014-12-29T22:41:04Z
"instagram",880,2014-12-29T23:41:39Z
"instagram",880,2014-12-30T00:42:14Z
"instagram",880,2014-12-30T01:42:49Z
"instagram",880,2014-12-30T02:43:23Z
"instagram",880,2014-12-30T03:43:57Z
"instagram",880,2014-12-30T04:44:32Z
"instagram",880,2014-12-30T05:45:07Z
"instagram",880,2014-12-30T06:45:42Z
"instagram",880,2014-12-30T07:46:16Z
"instagram",880,2014-12-30T08:46:50Z
"instagram",880,2014-12-30T09:47:25Z
"facebook",234,2014-12-30T10:47:45Z
"instagram",880,2014-12-30T10:47:59Z
"facebook",235,2014-12-30T11:48:20Z
"instagram",883,2014-12-30T11:48:33Z
"facebook",236,2014-12-30T12:48:54Z
"instagram",883,2014-12-30T12:49:08Z
"instagram",885,2014-12-30T13:49:42Z
"facebook",236,2014-12-30T14:50:02Z
"instagram",885,2014-12-30T14:50:17Z
"facebook",238,2014-12-30T15:50:37Z
"instagram",885,2014-12-30T15:50:51Z
"facebook",239,2014-12-30T16:51:13Z
"instagram",885,2014-12-30T16:51:30Z
"facebook",239,2014-12-30T17:51:48Z
"instagram",885,2014-12-30T17:52:02Z
"facebook",241,2014-12-30T18:52:23Z
"instagram",886,2014-12-30T18:52:37Z
"facebook",241,2014-12-30T19:52:58Z
"instagram",887,2014-12-30T19:53:12Z
"facebook",241,2014-12-30T20:53:34Z
"instagram",888,2014-12-30T20:53:48Z
"facebook",241,2014-12-30T21:54:09Z
"instagram",888,2014-12-30T21:54:23Z
"facebook",243,2014-12-30T22:54:45Z
"instagram",888,2014-12-30T22:54:59Z
"facebook",244,2014-12-30T23:55:20Z
"instagram",889,2014-12-30T23:55:35Z
"facebook",244,2014-12-31T00:55:56Z
"instagram",890,2014-12-31T00:56:10Z
"facebook",245,2014-12-31T01:56:31Z
"instagram",891,2014-12-31T01:56:45Z
"facebook",245,2014-12-31T02:57:05Z
"instagram",891,2014-12-31T02:57:19Z
"facebook",245,2014-12-31T03:57:40Z
"instagram",890,2014-12-31T03:57:54Z
"facebook",245,2014-12-31T04:58:15Z
"instagram",890,2014-12-31T04:58:29Z
"facebook",245,2014-12-31T05:58:50Z
"instagram",891,2014-12-31T05:59:04Z
"facebook",245,2014-12-31T06:59:24Z
"instagram",891,2014-12-31T06:59:38Z
"facebook",245,2014-12-31T07:59:58Z
"instagram",891,2014-12-31T08:00:12Z
"facebook",246,2014-12-31T09:00:33Z
"instagram",891,2014-12-31T09:00:47Z
"facebook",246,2014-12-31T10:01:07Z
"instagram",891,2014-12-31T10:01:21Z
"facebook",246,2014-12-31T11:01:41Z
"instagram",892,2014-12-31T11:01:55Z
"facebook",247,2014-12-31T12:02:16Z
"instagram",892,2014-12-31T12:02:29Z
"facebook",247,2014-12-31T13:02:50Z
"instagram",893,2014-12-31T13:03:04Z
"facebook",247,2014-12-31T14:03:24Z
"instagram",893,2014-12-31T14:03:38Z
"facebook",247,2014-12-31T15:03:59Z
"instagram",893,2014-12-31T15:04:12Z
"facebook",247,2014-12-31T16:04:34Z
"instagram",893,2014-12-31T16:04:47Z
"facebook",247,2014-12-31T17:05:08Z
"instagram",893,2014-12-31T17:05:22Z
"facebook",248,2014-12-31T18:05:44Z
"instagram",893,2014-12-31T18:05:57Z
"facebook",248,2014-12-31T19:06:19Z
"instagram",893,2014-12-31T19:06:33Z
"facebook",248,2014-12-31T20:06:54Z
"instagram",893,2014-12-31T20:07:08Z
"facebook",248,2014-12-31T21:07:29Z
"instagram",893,2014-12-31T21:07:43Z
"facebook",253,2015-01-02T21:16:47Z
"instagram",899,2015-01-02T21:17:01Z
"facebook",254,2015-01-02T23:42:41Z
"instagram",898,2015-01-02T23:42:55Z
"facebook",254,2015-01-03T00:43:16Z
"instagram",899,2015-01-03T00:43:30Z
"facebook",255,2015-01-03T01:43:51Z
"instagram",900,2015-01-03T01:44:06Z
"facebook",255,2015-01-03T02:44:26Z
"instagram",900,2015-01-03T02:44:41Z
"facebook",255,2015-01-03T03:45:02Z
"instagram",900,2015-01-03T03:45:16Z
"facebook",255,2015-01-03T04:45:36Z
"instagram",900,2015-01-03T04:45:51Z
"facebook",255,2015-01-03T05:46:11Z
"instagram",900,2015-01-03T05:46:26Z
"facebook",255,2015-01-03T06:46:46Z
"instagram",900,2015-01-03T06:47:01Z
"facebook",255,2015-01-03T07:47:21Z
"instagram",900,2015-01-03T07:47:36Z
"facebook",255,2015-01-03T08:47:55Z
"instagram",901,2015-01-03T08:48:10Z
"facebook",256,2015-01-03T09:48:30Z
"instagram",901,2015-01-03T09:48:44Z
"facebook",256,2015-01-03T10:49:04Z
"instagram",901,2015-01-03T10:49:19Z
"facebook",257,2015-01-03T11:49:39Z
"instagram",903,2015-01-03T11:49:53Z
"facebook",257,2015-01-03T12:50:14Z
"instagram",903,2015-01-03T12:50:28Z
"facebook",257,2015-01-03T13:50:48Z
"instagram",903,2015-01-03T13:51:03Z
"facebook",259,2015-01-03T14:51:23Z
"instagram",904,2015-01-03T14:51:38Z
"facebook",260,2015-01-03T15:51:59Z
"instagram",904,2015-01-03T15:52:13Z
"facebook",260,2015-01-03T16:52:33Z
"instagram",906,2015-01-03T16:52:48Z
"facebook",260,2015-01-03T17:53:09Z
"instagram",907,2015-01-03T17:53:24Z
"facebook",260,2015-01-03T18:53:44Z
"instagram",907,2015-01-03T18:53:59Z
"facebook",260,2015-01-03T19:54:20Z
"instagram",907,2015-01-03T19:54:35Z
"facebook",261,2015-01-03T20:54:56Z
"instagram",907,2015-01-03T20:55:10Z
"facebook",262,2015-01-03T21:55:31Z
"instagram",907,2015-01-03T21:55:46Z
"facebook",263,2015-01-03T22:56:07Z
"instagram",912,2015-01-03T22:56:22Z
"facebook",263,2015-01-03T23:56:43Z
"instagram",915,2015-01-03T23:56:57Z
"facebook",264,2015-01-04T00:57:18Z
"instagram",915,2015-01-04T00:57:33Z
"facebook",264,2015-01-04T01:57:53Z
"instagram",916,2015-01-04T01:58:08Z
"facebook",264,2015-01-04T02:58:28Z
"instagram",916,2015-01-04T02:58:43Z
"facebook",264,2015-01-04T03:59:03Z
"instagram",916,2015-01-04T03:59:18Z
"facebook",265,2015-01-04T04:59:39Z
"instagram",917,2015-01-04T04:59:53Z
"facebook",265,2015-01-04T06:00:13Z
"instagram",917,2015-01-04T06:00:28Z
"facebook",265,2015-01-04T07:00:48Z
"instagram",918,2015-01-04T07:01:02Z
"facebook",265,2015-01-04T08:01:22Z
"instagram",918,2015-01-04T08:01:37Z
"facebook",265,2015-01-04T09:01:57Z
"instagram",920,2015-01-04T09:02:12Z
"facebook",265,2015-01-04T10:02:32Z
"instagram",924,2015-01-04T10:02:47Z
"facebook",265,2015-01-04T11:03:06Z
"instagram",924,2015-01-04T11:03:21Z
"facebook",265,2015-01-04T12:03:41Z
"instagram",924,2015-01-04T12:03:55Z
"facebook",267,2015-01-04T13:04:15Z
"instagram",926,2015-01-04T13:04:30Z
"facebook",268,2015-01-04T14:04:50Z
"instagram",930,2015-01-04T14:05:05Z
"facebook",268,2015-01-04T15:05:25Z
"instagram",930,2015-01-04T15:05:40Z
"facebook",268,2015-01-04T16:06:00Z
"instagram",931,2015-01-04T16:06:15Z
"facebook",268,2015-01-04T17:06:35Z
"instagram",932,2015-01-04T17:06:50Z
"facebook",268,2015-01-04T18:07:10Z
"instagram",932,2015-01-04T18:07:25Z
"facebook",268,2015-01-04T19:07:46Z
"instagram",933,2015-01-04T19:08:01Z
"facebook",268,2015-01-04T20:08:22Z
"instagram",933,2015-01-04T20:08:37Z
"facebook",268,2015-01-04T21:09:02Z
"instagram",933,2015-01-04T21:09:20Z
"facebook",268,2015-01-04T22:09:44Z
"instagram",933,2015-01-04T22:09:59Z
"facebook",268,2015-01-04T23:10:21Z
"instagram",934,2015-01-04T23:10:36Z
"facebook",268,2015-01-05T00:10:57Z
"instagram",934,2015-01-05T00:11:12Z
"facebook",268,2015-01-05T01:11:32Z
"instagram",934,2015-01-05T01:11:48Z
"facebook",268,2015-01-05T02:12:08Z
"instagram",934,2015-01-05T02:12:23Z
"facebook",268,2015-01-05T03:12:43Z
"instagram",934,2015-01-05T03:12:58Z
"facebook",268,2015-01-05T04:13:18Z
"instagram",934,2015-01-05T04:13:33Z
"facebook",268,2015-01-05T05:13:55Z
"instagram",934,2015-01-05T05:14:09Z
"facebook",268,2015-01-05T06:14:30Z
"instagram",934,2015-01-05T06:14:45Z
"facebook",269,2015-01-05T07:15:04Z
"instagram",934,2015-01-05T07:15:19Z
"facebook",269,2015-01-05T08:15:39Z
"instagram",934,2015-01-05T08:15:53Z
"facebook",270,2015-01-05T09:16:13Z
"instagram",934,2015-01-05T09:16:28Z
"facebook",270,2015-01-05T10:16:48Z
"instagram",934,2015-01-05T10:17:02Z
"facebook",270,2015-01-05T11:17:23Z
"instagram",936,2015-01-05T11:17:37Z
"facebook",271,2015-01-05T12:17:57Z
"instagram",940,2015-01-05T12:18:12Z
"facebook",271,2015-01-05T13:18:32Z
"instagram",941,2015-01-05T13:18:47Z
"facebook",272,2015-01-05T14:19:09Z
"instagram",943,2015-01-05T14:19:23Z
"facebook",272,2015-01-05T15:19:44Z
"instagram",943,2015-01-05T15:20:00Z
"facebook",273,2015-01-05T16:20:20Z
"instagram",943,2015-01-05T16:20:35Z
"facebook",273,2015-01-05T17:20:56Z
"facebook",274,2015-01-05T18:21:31Z
"facebook",275,2015-01-05T19:22:07Z
"facebook",275,2015-01-05T20:22:43Z
"facebook",275,2015-01-05T21:23:20Z
"facebook",275,2015-01-05T22:23:57Z
"facebook",275,2015-01-05T23:24:33Z
"facebook",275,2015-01-06T00:25:10Z
"facebook",275,2015-01-06T01:25:47Z
"facebook",275,2015-01-06T02:26:23Z
"facebook",275,2015-01-06T03:26:59Z
"facebook",275,2015-01-06T04:27:35Z
"facebook",275,2015-01-06T05:28:11Z
"facebook",275,2015-01-06T06:28:47Z
"facebook",275,2015-01-06T07:29:22Z
"facebook",276,2015-01-06T08:29:59Z
"facebook",276,2015-01-06T09:30:35Z
"facebook",277,2015-01-06T10:31:10Z
"facebook",277,2015-01-06T11:31:46Z
"facebook",277,2015-01-06T12:32:21Z
"facebook",278,2015-01-06T13:32:57Z
"facebook",279,2015-01-06T14:33:32Z
"facebook",281,2015-01-06T15:34:08Z
"facebook",281,2015-01-06T16:34:44Z
"facebook",281,2015-01-06T17:35:21Z
"facebook",282,2015-01-06T18:35:57Z
"facebook",282,2015-01-06T19:36:34Z
"facebook",283,2015-01-06T20:37:10Z
"facebook",283,2015-01-06T21:37:46Z
"facebook",283,2015-01-06T22:38:23Z
"facebook",285,2015-01-06T23:38:59Z
"facebook",285,2015-01-07T00:39:37Z
"facebook",285,2015-01-07T01:40:13Z
"facebook",285,2015-01-07T02:40:50Z
"facebook",285,2015-01-07T03:41:26Z
"facebook",285,2015-01-07T04:42:03Z
"facebook",285,2015-01-07T05:42:39Z
"facebook",285,2015-01-07T06:43:14Z
"facebook",286,2015-01-07T07:43:49Z
"facebook",286,2015-01-07T08:44:25Z
"facebook",287,2015-01-07T09:45:00Z
"facebook",287,2015-01-07T10:45:34Z
"facebook",287,2015-01-07T11:46:10Z
"facebook",287,2015-01-07T12:46:46Z
"facebook",288,2015-01-07T13:47:22Z
"facebook",290,2015-01-07T14:47:57Z
"facebook",292,2015-01-07T15:48:33Z
"facebook",293,2015-01-07T16:49:10Z
"facebook",293,2015-01-07T17:49:47Z
"facebook",295,2015-01-07T18:50:23Z
"instagram",944,2015-01-05T17:21:11Z
"instagram",945,2015-01-05T18:21:46Z
"instagram",945,2015-01-05T19:22:22Z
"instagram",947,2015-01-05T20:22:58Z
"instagram",948,2015-01-05T21:23:36Z
"instagram",948,2015-01-05T22:24:12Z
"instagram",948,2015-01-05T23:24:48Z
"instagram",949,2015-01-06T00:25:25Z
"instagram",950,2015-01-06T01:26:02Z
"instagram",950,2015-01-06T02:26:38Z
"instagram",950,2015-01-06T03:27:14Z
"instagram",950,2015-01-06T04:27:50Z
"instagram",949,2015-01-06T05:28:26Z
"instagram",949,2015-01-06T06:29:01Z
"instagram",949,2015-01-06T07:29:37Z
"instagram",950,2015-01-06T08:30:15Z
"instagram",950,2015-01-06T09:30:50Z
"instagram",949,2015-01-06T10:31:25Z
"instagram",951,2015-01-06T11:32:01Z
"instagram",951,2015-01-06T12:32:37Z
"instagram",952,2015-01-06T13:33:13Z
"instagram",952,2015-01-06T14:33:48Z
"instagram",954,2015-01-06T15:34:23Z
"instagram",954,2015-01-06T16:35:00Z
"instagram",954,2015-01-06T17:35:37Z
"instagram",954,2015-01-06T18:36:13Z
"instagram",954,2015-01-06T19:36:49Z
"instagram",955,2015-01-06T20:37:25Z
"instagram",954,2015-01-06T21:38:02Z
"instagram",954,2015-01-06T22:38:38Z
"instagram",955,2015-01-06T23:39:16Z
"instagram",956,2015-01-07T00:39:52Z
"instagram",956,2015-01-07T01:40:30Z
"instagram",956,2015-01-07T02:41:05Z
"instagram",957,2015-01-07T03:41:42Z
"instagram",957,2015-01-07T04:42:18Z
"instagram",957,2015-01-07T05:42:54Z
"instagram",958,2015-01-07T06:43:29Z
"instagram",958,2015-01-07T07:44:05Z
"instagram",958,2015-01-07T08:44:40Z
"instagram",959,2015-01-07T09:45:15Z
"instagram",960,2015-01-07T10:45:50Z
"instagram",962,2015-01-07T11:46:26Z
"instagram",963,2015-01-07T12:47:01Z
"instagram",965,2015-01-07T13:47:37Z
"instagram",967,2015-01-07T14:48:13Z
"instagram",967,2015-01-07T15:48:53Z
"instagram",967,2015-01-07T16:49:26Z
"instagram",966,2015-01-07T17:50:03Z
"instagram",968,2015-01-07T18:50:42Z
"facebook",295,2015-01-07T19:51:06Z
"instagram",967,2015-01-07T19:51:22Z
"facebook",295,2015-01-07T20:51:50Z
"instagram",967,2015-01-07T20:52:08Z
"facebook",295,2015-01-07T21:52:31Z
"instagram",967,2015-01-07T21:52:46Z
"facebook",295,2015-01-07T22:53:08Z
"instagram",967,2015-01-07T22:53:24Z
"facebook",295,2015-01-07T23:53:45Z
"instagram",968,2015-01-07T23:54:00Z
"facebook",295,2015-01-08T00:54:21Z
"instagram",968,2015-01-08T00:54:37Z
"facebook",295,2015-01-08T01:54:58Z
"instagram",969,2015-01-08T01:55:15Z
"facebook",295,2015-01-08T02:55:36Z
"instagram",969,2015-01-08T02:55:52Z
"facebook",295,2015-01-08T03:56:14Z
"instagram",969,2015-01-08T03:56:29Z
"facebook",295,2015-01-08T04:56:51Z
"instagram",969,2015-01-08T04:57:07Z
"facebook",295,2015-01-08T05:57:27Z
"instagram",969,2015-01-08T05:57:42Z
"facebook",295,2015-01-08T06:58:04Z
"instagram",969,2015-01-08T06:58:19Z
"facebook",296,2015-01-08T07:58:39Z
"instagram",969,2015-01-08T07:58:55Z
"facebook",296,2015-01-08T08:59:15Z
"instagram",971,2015-01-08T08:59:30Z
"facebook",296,2015-01-08T09:59:51Z
"instagram",971,2015-01-08T10:00:06Z
"facebook",297,2015-01-08T11:00:27Z
"instagram",970,2015-01-08T11:00:42Z
"facebook",297,2015-01-08T12:01:03Z
"instagram",977,2015-01-08T12:01:18Z
"facebook",297,2015-01-08T13:01:39Z
"instagram",978,2015-01-08T13:01:54Z
"facebook",297,2015-01-08T14:02:16Z
"instagram",983,2015-01-08T14:02:32Z
"facebook",297,2015-01-08T15:02:54Z
"instagram",984,2015-01-08T15:03:09Z
"facebook",297,2015-01-08T16:03:31Z
"instagram",984,2015-01-08T16:03:47Z
"facebook",297,2015-01-08T17:04:10Z
"instagram",986,2015-01-08T17:04:26Z
"facebook",297,2015-01-08T18:04:48Z
"instagram",987,2015-01-08T18:05:05Z
"facebook",297,2015-01-08T19:05:26Z
"instagram",989,2015-01-08T19:05:43Z
"facebook",297,2015-01-08T20:06:04Z
"instagram",990,2015-01-08T20:06:27Z
"facebook",297,2015-01-08T21:06:46Z
"instagram",992,2015-01-08T21:07:06Z
"facebook",297,2015-01-08T22:07:32Z
"instagram",992,2015-01-08T22:07:52Z
"facebook",297,2015-01-08T23:08:16Z
"instagram",994,2015-01-08T23:08:33Z
"facebook",297,2015-01-09T00:08:54Z
"instagram",995,2015-01-09T00:09:11Z
"facebook",297,2015-01-09T01:09:32Z
"instagram",995,2015-01-09T01:09:49Z
"facebook",297,2015-01-09T02:10:10Z
"instagram",995,2015-01-09T02:10:27Z
"facebook",297,2015-01-09T03:10:48Z
"instagram",995,2015-01-09T03:11:05Z
"facebook",297,2015-01-09T04:11:26Z
"instagram",995,2015-01-09T04:11:42Z
"facebook",297,2015-01-09T05:12:04Z
"instagram",995,2015-01-09T05:12:20Z
"facebook",297,2015-01-09T06:12:41Z
"instagram",995,2015-01-09T06:12:57Z
"facebook",297,2015-01-09T07:13:18Z
"instagram",995,2015-01-09T07:13:34Z
"facebook",297,2015-01-09T08:13:55Z
"instagram",995,2015-01-09T08:14:11Z
"facebook",297,2015-01-09T09:14:32Z
"instagram",995,2015-01-09T09:14:48Z
"facebook",297,2015-01-09T10:15:07Z
"instagram",996,2015-01-09T10:15:23Z
"facebook",297,2015-01-09T11:15:44Z
"instagram",996,2015-01-09T11:16:00Z
"facebook",297,2015-01-09T12:16:20Z
"instagram",1026,2015-01-09T12:16:37Z
"facebook",299,2015-01-09T13:16:57Z
"instagram",1038,2015-01-09T13:17:14Z
"facebook",299,2015-01-09T14:17:34Z
"instagram",1046,2015-01-09T14:17:51Z
"facebook",299,2015-01-09T15:18:12Z
"instagram",1049,2015-01-09T15:18:29Z
"facebook",299,2015-01-09T16:18:50Z
"instagram",1051,2015-01-09T16:19:07Z
"facebook",299,2015-01-09T17:19:27Z
"instagram",1054,2015-01-09T17:19:44Z
"facebook",299,2015-01-09T18:20:05Z
"instagram",1056,2015-01-09T18:20:22Z
"facebook",299,2015-01-09T19:20:42Z
"instagram",1058,2015-01-09T19:21:00Z
"facebook",299,2015-01-09T20:21:21Z
"instagram",1059,2015-01-09T20:21:38Z
"facebook",299,2015-01-09T21:21:58Z
"instagram",1060,2015-01-09T21:22:16Z
"facebook",299,2015-01-09T22:22:37Z
"instagram",1063,2015-01-09T22:22:56Z
"facebook",299,2015-01-09T23:23:16Z
"instagram",1063,2015-01-09T23:23:34Z
"facebook",299,2015-01-10T00:23:55Z
"instagram",1063,2015-01-10T00:24:13Z
"facebook",299,2015-01-10T01:24:33Z
"instagram",1063,2015-01-10T01:24:50Z
"facebook",299,2015-01-10T02:25:10Z
"instagram",1063,2015-01-10T02:25:27Z
"facebook",299,2015-01-10T03:25:57Z
"instagram",1063,2015-01-10T03:26:14Z
"facebook",299,2015-01-10T04:26:35Z
"instagram",1063,2015-01-10T04:26:52Z
"facebook",299,2015-01-10T05:27:14Z
"instagram",1063,2015-01-10T05:27:31Z
"facebook",299,2015-01-10T06:27:51Z
"instagram",1063,2015-01-10T06:28:08Z
"facebook",299,2015-01-10T07:28:28Z
"instagram",1065,2015-01-10T07:28:45Z
"facebook",299,2015-01-10T08:29:05Z
"instagram",1065,2015-01-10T08:29:22Z
"facebook",299,2015-01-10T09:29:42Z
"instagram",1066,2015-01-10T09:29:59Z
"facebook",299,2015-01-10T10:30:18Z
"instagram",1066,2015-01-10T10:30:36Z
"facebook",299,2015-01-10T11:30:55Z
"instagram",1065,2015-01-10T11:31:12Z
"facebook",299,2015-01-10T12:31:32Z
"instagram",1065,2015-01-10T12:31:49Z
"facebook",299,2015-01-10T13:32:08Z
"instagram",1069,2015-01-10T13:32:25Z
"facebook",299,2015-01-10T14:32:45Z
"instagram",1070,2015-01-10T14:33:03Z
"facebook",299,2015-01-10T15:33:23Z
"instagram",1076,2015-01-10T15:33:41Z
"facebook",299,2015-01-10T16:34:00Z
"instagram",1082,2015-01-10T16:34:19Z
"facebook",299,2015-01-10T17:34:39Z
"instagram",1082,2015-01-10T17:34:57Z
"facebook",299,2015-01-10T18:35:18Z
"instagram",1087,2015-01-10T18:35:36Z
"facebook",299,2015-01-10T19:35:56Z
"instagram",1089,2015-01-10T19:36:15Z
"facebook",299,2015-01-10T20:36:35Z
"instagram",1091,2015-01-10T20:36:53Z
"facebook",299,2015-01-10T21:37:14Z
"instagram",1093,2015-01-10T21:37:32Z
"facebook",299,2015-01-10T22:37:53Z
"instagram",1093,2015-01-10T22:38:11Z
"facebook",300,2015-01-10T23:38:32Z
"instagram",1093,2015-01-10T23:38:50Z
"facebook",301,2015-01-11T00:39:10Z
"instagram",1095,2015-01-11T00:39:28Z
"facebook",302,2015-01-11T01:39:47Z
"instagram",1095,2015-01-11T01:40:05Z
"facebook",302,2015-01-11T02:40:25Z
"instagram",1095,2015-01-11T02:40:43Z
"facebook",302,2015-01-11T03:41:03Z
"instagram",1095,2015-01-11T03:41:21Z
"facebook",302,2015-01-11T04:41:42Z
"instagram",1095,2015-01-11T04:41:59Z
"facebook",302,2015-01-11T05:42:19Z
"instagram",1095,2015-01-11T05:42:37Z
"facebook",302,2015-01-11T06:42:57Z
"instagram",1095,2015-01-11T06:43:15Z
"facebook",302,2015-01-11T07:43:34Z
"instagram",1095,2015-01-11T07:43:51Z
"facebook",302,2015-01-11T08:44:11Z
"instagram",1095,2015-01-11T08:44:29Z
"facebook",302,2015-01-11T09:44:48Z
"instagram",1095,2015-01-11T09:45:06Z
"facebook",302,2015-01-11T10:45:27Z
"instagram",1098,2015-01-11T10:45:44Z
"facebook",302,2015-01-11T11:46:04Z
"instagram",1098,2015-01-11T11:46:21Z
"facebook",302,2015-01-11T12:46:41Z
"instagram",1101,2015-01-11T12:46:58Z
"facebook",303,2015-01-11T13:47:17Z
"instagram",1102,2015-01-11T13:47:39Z
"facebook",303,2015-01-11T14:47:54Z
"instagram",1105,2015-01-11T14:48:12Z
"facebook",303,2015-01-11T15:48:32Z
"instagram",1106,2015-01-11T15:48:50Z
"facebook",303,2015-01-11T16:49:12Z
"instagram",1106,2015-01-11T16:49:29Z
"facebook",303,2015-01-11T17:49:50Z
"instagram",1106,2015-01-11T17:50:09Z
"facebook",303,2015-01-11T18:50:30Z
"facebook",303,2015-01-11T19:51:14Z
"instagram",1107,2015-01-11T19:51:34Z
"facebook",303,2015-01-11T20:51:53Z
"instagram",1108,2015-01-11T20:52:13Z
"facebook",303,2015-01-11T21:52:33Z
"instagram",1109,2015-01-11T21:52:52Z
"facebook",303,2015-01-11T22:53:13Z
"instagram",1109,2015-01-11T22:53:32Z
"facebook",303,2015-01-11T23:53:52Z
"instagram",1109,2015-01-11T23:54:11Z
"facebook",303,2015-01-12T00:54:31Z
"instagram",1109,2015-01-12T00:54:49Z
"facebook",303,2015-01-12T01:55:09Z
"instagram",1109,2015-01-12T01:55:27Z
"facebook",303,2015-01-12T02:55:46Z
"instagram",1109,2015-01-12T02:56:04Z
"facebook",303,2015-01-12T03:56:24Z
"instagram",1109,2015-01-12T03:56:59Z
"facebook",303,2015-01-12T04:57:02Z
"instagram",1109,2015-01-12T04:57:21Z
"facebook",303,2015-01-12T05:57:40Z
"instagram",1109,2015-01-12T05:57:58Z
"facebook",303,2015-01-12T06:58:18Z
"instagram",1109,2015-01-12T06:58:35Z
"facebook",303,2015-01-12T07:58:54Z
"instagram",1109,2015-01-12T07:59:13Z
"facebook",303,2015-01-12T08:59:32Z
"facebook",303,2015-01-12T09:59:32Z
"instagram",1113,2015-01-12T09:59:51Z
"facebook",303,2015-01-12T11:00:10Z
"instagram",1114,2015-01-12T11:00:27Z
"facebook",304,2015-01-12T12:00:47Z
"instagram",1119,2015-01-12T12:01:05Z
"facebook",304,2015-01-12T13:01:25Z
"instagram",1121,2015-01-12T13:01:43Z
"facebook",304,2015-01-12T14:02:03Z
"instagram",1122,2015-01-12T14:02:21Z
"facebook",304,2015-01-12T15:02:41Z
"instagram",1122,2015-01-12T15:02:59Z
"facebook",304,2015-01-12T16:03:19Z
"instagram",1122,2015-01-12T16:03:38Z
"facebook",304,2015-01-12T17:03:58Z
"instagram",1123,2015-01-12T17:04:16Z
"facebook",304,2015-01-12T18:04:36Z
"instagram",1123,2015-01-12T18:04:55Z
"facebook",304,2015-01-12T19:05:15Z
"instagram",1124,2015-01-12T19:05:33Z
"facebook",304,2015-01-12T20:05:55Z
"instagram",1125,2015-01-12T20:06:13Z
"facebook",304,2015-01-12T21:06:34Z
"facebook",304,2015-01-12T22:07:13Z
"facebook",304,2015-01-12T23:07:56Z
"facebook",304,2015-01-13T00:08:34Z
"facebook",304,2015-01-13T01:09:13Z
"facebook",304,2015-01-13T02:09:52Z
"facebook",304,2015-01-13T03:10:30Z
"facebook",304,2015-01-13T04:11:08Z
"facebook",304,2015-01-13T05:11:45Z
"facebook",304,2015-01-13T06:12:23Z
"facebook",304,2015-01-13T07:13:00Z
"facebook",304,2015-01-13T08:13:37Z
"facebook",304,2015-01-13T09:14:14Z
"facebook",304,2015-01-13T10:14:51Z
"facebook",305,2015-01-13T11:15:27Z
"facebook",305,2015-01-13T12:16:05Z
"facebook",307,2015-01-13T13:16:42Z
"facebook",308,2015-01-13T14:17:20Z
"facebook",310,2015-01-13T15:17:57Z
"facebook",310,2015-01-13T16:18:35Z
"facebook",310,2015-01-13T17:19:14Z
"facebook",310,2015-01-13T18:19:55Z
"facebook",310,2015-01-13T19:20:33Z
"facebook",310,2015-01-13T20:21:11Z
"facebook",310,2015-01-13T21:21:52Z
"facebook",310,2015-01-13T22:22:31Z
"facebook",312,2015-01-13T23:23:23Z
"facebook",312,2015-01-14T00:24:02Z
"facebook",312,2015-01-14T01:24:40Z
"facebook",313,2015-01-14T02:25:19Z
"facebook",313,2015-01-14T03:25:57Z
"facebook",313,2015-01-14T04:26:36Z
"facebook",313,2015-01-14T05:27:13Z
"facebook",313,2015-01-14T06:27:51Z
"facebook",313,2015-01-14T07:28:28Z
"facebook",313,2015-01-14T08:29:06Z
"facebook",313,2015-01-14T09:29:43Z
"facebook",313,2015-01-14T10:30:20Z
"facebook",313,2015-01-14T11:30:57Z
"facebook",313,2015-01-14T12:31:34Z
"facebook",313,2015-01-14T13:32:13Z
"facebook",314,2015-01-14T14:32:52Z
"facebook",314,2015-01-14T15:33:30Z
"facebook",314,2015-01-14T16:34:08Z
"facebook",314,2015-01-14T17:34:48Z
"facebook",315,2015-01-14T18:35:27Z
"facebook",315,2015-01-14T19:36:06Z
"facebook",315,2015-01-14T20:36:45Z
"facebook",315,2015-01-14T21:37:24Z
"facebook",316,2015-01-14T22:38:04Z
"facebook",316,2015-01-14T23:38:44Z
"facebook",316,2015-01-15T00:39:24Z
"facebook",316,2015-01-15T01:40:03Z
"facebook",316,2015-01-15T02:40:42Z
"instagram",1126,2015-01-12T21:06:52Z
"instagram",1126,2015-01-12T22:07:35Z
"instagram",1128,2015-01-12T23:08:15Z
"instagram",1129,2015-01-13T00:08:52Z
"instagram",1129,2015-01-13T01:09:31Z
"instagram",1129,2015-01-13T02:10:10Z
"instagram",1129,2015-01-13T03:10:48Z
"instagram",1130,2015-01-13T04:11:26Z
"instagram",1130,2015-01-13T05:12:03Z
"instagram",1130,2015-01-13T06:12:40Z
"instagram",1130,2015-01-13T07:13:17Z
"instagram",1130,2015-01-13T08:13:54Z
"instagram",1130,2015-01-13T09:14:31Z
"instagram",1131,2015-01-13T10:15:08Z
"instagram",1133,2015-01-13T11:15:45Z
"instagram",1131,2015-01-13T12:16:22Z
"instagram",1132,2015-01-13T13:17:00Z
"instagram",1132,2015-01-13T14:17:38Z
"instagram",1136,2015-01-13T15:18:16Z
"instagram",1139,2015-01-13T16:18:53Z
"instagram",1141,2015-01-13T17:19:34Z
"instagram",1142,2015-01-13T18:20:13Z
"instagram",1142,2015-01-13T19:20:52Z
"instagram",1143,2015-01-13T20:21:31Z
"instagram",1145,2015-01-13T21:22:10Z
"instagram",1145,2015-01-13T22:22:50Z
"instagram",1146,2015-01-13T23:23:41Z
"instagram",1146,2015-01-14T00:24:20Z
"instagram",1147,2015-01-14T01:24:59Z
"instagram",1147,2015-01-14T02:25:38Z
"instagram",1147,2015-01-14T03:26:17Z
"instagram",1147,2015-01-14T04:26:54Z
"instagram",1147,2015-01-14T05:27:31Z
"instagram",1147,2015-01-14T06:28:09Z
"instagram",1147,2015-01-14T07:28:47Z
"instagram",1147,2015-01-14T08:29:24Z
"instagram",1147,2015-01-14T09:30:01Z
"instagram",1148,2015-01-14T10:30:38Z
"instagram",1148,2015-01-14T11:31:15Z
"instagram",1150,2015-01-14T12:31:53Z
"instagram",1151,2015-01-14T13:32:32Z
"instagram",1153,2015-01-14T14:33:11Z
"instagram",1155,2015-01-14T15:33:49Z
"instagram",1155,2015-01-14T16:34:27Z
"instagram",1155,2015-01-14T17:35:07Z
"instagram",1155,2015-01-14T18:35:46Z
"instagram",1157,2015-01-14T19:36:24Z
"instagram",1157,2015-01-14T20:37:05Z
"instagram",1159,2015-01-14T21:37:44Z
"instagram",1160,2015-01-14T22:38:23Z
"instagram",1161,2015-01-14T23:39:03Z
"instagram",1161,2015-01-15T00:39:43Z
"instagram",1161,2015-01-15T01:40:21Z
"instagram",1161,2015-01-15T02:41:01Z
"facebook",316,2015-01-15T03:41:21Z
"instagram",1161,2015-01-15T03:41:39Z
"facebook",316,2015-01-15T04:42:00Z
"instagram",1162,2015-01-15T04:42:19Z
"facebook",316,2015-01-15T05:42:40Z
"instagram",1162,2015-01-15T05:42:59Z
"facebook",316,2015-01-15T06:43:19Z
"instagram",1163,2015-01-15T06:43:38Z
"facebook",316,2015-01-15T07:43:57Z
"instagram",1163,2015-01-15T07:44:16Z
"facebook",316,2015-01-15T08:44:36Z
"instagram",1163,2015-01-15T08:44:55Z
"facebook",316,2015-01-15T09:45:14Z
"instagram",1163,2015-01-15T09:45:33Z
"facebook",316,2015-01-15T10:45:53Z
"instagram",1164,2015-01-15T10:46:11Z
"facebook",316,2015-01-15T11:46:30Z
"instagram",1165,2015-01-15T11:46:49Z
"facebook",316,2015-01-15T12:47:09Z
"instagram",1165,2015-01-15T12:47:28Z
"facebook",316,2015-01-15T13:47:49Z
"instagram",1170,2015-01-15T13:48:07Z
"facebook",316,2015-01-15T14:48:27Z
"instagram",1173,2015-01-15T14:48:46Z
"facebook",316,2015-01-15T15:49:06Z
"instagram",1174,2015-01-15T15:49:25Z
"facebook",317,2015-01-15T16:49:45Z
"instagram",1174,2015-01-15T16:50:04Z
"facebook",317,2015-01-15T17:50:24Z
"instagram",1176,2015-01-15T17:50:43Z
"facebook",317,2015-01-15T18:51:03Z
"facebook",317,2015-01-15T19:51:10Z
"instagram",1176,2015-01-15T19:51:30Z
"facebook",317,2015-01-15T20:51:50Z
"instagram",1176,2015-01-15T20:52:12Z
"facebook",317,2015-01-15T21:52:36Z
"facebook",317,2015-01-15T22:53:37Z
"facebook",317,2015-01-15T23:54:17Z
"facebook",317,2015-01-16T00:54:58Z
"instagram",1177,2015-01-16T00:55:18Z
"facebook",317,2015-01-16T01:55:38Z
"instagram",1176,2015-01-16T01:55:57Z
"facebook",317,2015-01-16T02:56:18Z
"instagram",1176,2015-01-16T02:56:37Z
"facebook",317,2015-01-16T03:56:58Z
"instagram",1176,2015-01-16T03:57:17Z
"facebook",317,2015-01-16T04:57:37Z
"instagram",1176,2015-01-16T04:57:55Z
"facebook",317,2015-01-16T05:58:16Z
"instagram",1176,2015-01-16T05:58:35Z
"facebook",317,2015-01-16T06:58:56Z
"instagram",1176,2015-01-16T06:59:14Z
"facebook",317,2015-01-16T07:59:35Z
"instagram",1176,2015-01-16T07:59:54Z
"facebook",317,2015-01-16T09:00:13Z
"instagram",1176,2015-01-16T09:00:32Z
"facebook",317,2015-01-16T10:00:52Z
"instagram",1175,2015-01-16T10:01:11Z
"facebook",317,2015-01-16T11:01:31Z
"instagram",1176,2015-01-16T11:01:50Z
"facebook",318,2015-01-16T12:02:09Z
"instagram",1176,2015-01-16T12:02:28Z
"facebook",318,2015-01-16T13:02:48Z
"instagram",1177,2015-01-16T13:03:07Z
"facebook",318,2015-01-16T14:03:26Z
"instagram",1177,2015-01-16T14:03:45Z
"facebook",318,2015-01-16T15:04:05Z
"instagram",1177,2015-01-16T15:04:25Z
"facebook",318,2015-01-16T16:04:45Z
"instagram",1178,2015-01-16T16:05:04Z
"facebook",318,2015-01-16T17:05:25Z
"instagram",1187,2015-01-16T17:05:44Z
"facebook",318,2015-01-16T18:06:04Z
"instagram",1189,2015-01-16T18:06:23Z
"facebook",318,2015-01-16T19:06:44Z
"instagram",1190,2015-01-16T19:07:03Z
"facebook",318,2015-01-16T20:07:23Z
"instagram",1192,2015-01-16T20:07:44Z
"facebook",318,2015-01-16T21:08:12Z
"instagram",1192,2015-01-16T21:08:31Z
"facebook",318,2015-01-16T22:08:54Z
"instagram",1193,2015-01-16T22:09:14Z
"facebook",318,2015-01-16T23:09:35Z
"instagram",1193,2015-01-16T23:09:54Z
"facebook",318,2015-01-17T00:10:21Z
"instagram",1193,2015-01-17T00:10:41Z
"facebook",318,2015-01-17T01:11:00Z
"instagram",1193,2015-01-17T01:11:20Z
"facebook",318,2015-01-17T02:11:40Z
"instagram",1193,2015-01-17T02:11:59Z
"facebook",318,2015-01-17T03:12:20Z
"instagram",1193,2015-01-17T03:12:39Z
"facebook",318,2015-01-17T04:13:01Z
"instagram",1193,2015-01-17T04:13:20Z
"facebook",318,2015-01-17T05:13:40Z
"instagram",1193,2015-01-17T05:13:59Z
"facebook",318,2015-01-17T06:14:20Z
"instagram",1193,2015-01-17T06:14:39Z
"facebook",318,2015-01-17T07:14:59Z
"instagram",1194,2015-01-17T07:15:18Z
"facebook",318,2015-01-17T08:15:38Z
"instagram",1195,2015-01-17T08:15:56Z
"facebook",318,2015-01-17T09:16:17Z
"instagram",1195,2015-01-17T09:16:36Z
"facebook",318,2015-01-17T10:16:56Z
"instagram",1195,2015-01-17T10:17:16Z
"facebook",318,2015-01-17T11:17:35Z
"instagram",1196,2015-01-17T11:17:54Z
"facebook",318,2015-01-17T12:18:14Z
"instagram",1196,2015-01-17T12:18:33Z
"facebook",318,2015-01-17T13:18:53Z
"instagram",1196,2015-01-17T13:19:12Z
"facebook",318,2015-01-17T14:19:34Z
"instagram",1196,2015-01-17T14:19:57Z
"facebook",318,2015-01-17T15:20:15Z
"instagram",1197,2015-01-17T15:20:40Z
"facebook",319,2015-01-17T16:21:03Z
"instagram",1197,2015-01-17T16:21:22Z
"facebook",319,2015-01-17T17:21:43Z
"instagram",1197,2015-01-17T17:22:03Z
"facebook",319,2015-01-17T18:22:24Z
"instagram",1198,2015-01-17T18:22:43Z
"facebook",319,2015-01-17T19:23:04Z
"instagram",1198,2015-01-17T19:23:24Z
"facebook",319,2015-01-17T20:23:45Z
"instagram",1198,2015-01-17T20:24:05Z
"facebook",319,2015-01-17T21:24:26Z
"instagram",1197,2015-01-17T21:24:47Z
"facebook",320,2015-01-17T22:25:07Z
"instagram",1201,2015-01-17T22:25:28Z
"facebook",321,2015-01-17T23:25:48Z
"instagram",1204,2015-01-17T23:26:08Z
"facebook",321,2015-01-18T00:26:28Z
"instagram",1204,2015-01-18T00:26:49Z
"facebook",322,2015-01-18T01:27:08Z
"instagram",1205,2015-01-18T01:27:29Z
"facebook",322,2015-01-18T02:27:48Z
"instagram",1205,2015-01-18T02:28:09Z
"facebook",322,2015-01-18T03:28:28Z
"instagram",1205,2015-01-18T03:28:48Z
"facebook",322,2015-01-18T04:29:10Z
"instagram",1206,2015-01-18T04:29:30Z
"facebook",322,2015-01-18T05:29:50Z
"instagram",1206,2015-01-18T05:30:10Z
"facebook",323,2015-01-18T06:30:30Z
"instagram",1206,2015-01-18T06:30:49Z
"facebook",323,2015-01-18T07:31:08Z
"instagram",1206,2015-01-18T07:31:28Z
"facebook",323,2015-01-18T08:31:48Z
"instagram",1206,2015-01-18T08:32:08Z
"facebook",323,2015-01-18T09:32:27Z
"instagram",1206,2015-01-18T09:32:46Z
"facebook",325,2015-01-18T10:33:06Z
"instagram",1207,2015-01-18T10:33:25Z
"facebook",325,2015-01-18T11:33:44Z
"instagram",1207,2015-01-18T11:34:04Z
"facebook",325,2015-01-18T12:34:24Z
"instagram",1207,2015-01-18T12:34:44Z
"facebook",325,2015-01-18T13:35:02Z
"instagram",1208,2015-01-18T13:35:22Z
"facebook",325,2015-01-18T14:35:42Z
"instagram",1207,2015-01-18T14:36:03Z
"facebook",325,2015-01-18T15:36:23Z
"instagram",1207,2015-01-18T15:36:44Z
"facebook",325,2015-01-18T16:37:04Z
"instagram",1209,2015-01-18T16:37:24Z
"facebook",325,2015-01-18T17:37:46Z
"instagram",1211,2015-01-18T17:38:20Z
"facebook",325,2015-01-18T18:38:49Z
"instagram",1212,2015-01-18T18:39:09Z
"facebook",325,2015-01-18T19:39:30Z
"instagram",1212,2015-01-18T19:39:51Z
"facebook",325,2015-01-18T20:40:13Z
"instagram",1212,2015-01-18T20:40:35Z
"facebook",325,2015-01-18T21:40:55Z
"instagram",1214,2015-01-18T21:41:17Z
"facebook",325,2015-01-18T22:41:38Z
"instagram",1214,2015-01-18T22:41:59Z
"facebook",325,2015-01-18T23:42:19Z
"instagram",1215,2015-01-18T23:42:39Z
"facebook",325,2015-01-19T00:42:59Z
"instagram",1215,2015-01-19T00:43:19Z
"facebook",325,2015-01-19T01:43:39Z
"instagram",1215,2015-01-19T01:44:00Z
"facebook",325,2015-01-19T02:44:20Z
"instagram",1215,2015-01-19T02:44:40Z
"facebook",325,2015-01-19T03:44:59Z
"instagram",1215,2015-01-19T03:45:20Z
"facebook",325,2015-01-19T04:45:39Z
"instagram",1215,2015-01-19T04:45:59Z
"facebook",325,2015-01-19T05:46:19Z
"instagram",1215,2015-01-19T05:46:39Z
"facebook",325,2015-01-19T06:46:58Z
"instagram",1215,2015-01-19T06:47:19Z
"facebook",325,2015-01-19T07:47:38Z
"instagram",1215,2015-01-19T07:47:58Z
"facebook",325,2015-01-19T08:48:18Z
"instagram",1215,2015-01-19T08:48:37Z
"facebook",325,2015-01-19T09:48:56Z
"instagram",1216,2015-01-19T09:49:16Z
"facebook",325,2015-01-19T10:49:35Z
"instagram",1216,2015-01-19T10:49:55Z
"facebook",325,2015-01-19T11:50:15Z
"instagram",1227,2015-01-19T11:50:35Z
"facebook",325,2015-01-19T12:50:55Z
"instagram",1232,2015-01-19T12:51:15Z
"facebook",326,2015-01-19T13:51:34Z
"instagram",1236,2015-01-19T13:51:54Z
"facebook",326,2015-01-19T14:52:14Z
"instagram",1238,2015-01-19T14:52:36Z
"facebook",327,2015-01-19T15:52:55Z
"instagram",1242,2015-01-19T15:53:16Z
"facebook",327,2015-01-19T16:53:37Z
"instagram",1243,2015-01-19T16:53:58Z
"facebook",327,2015-01-19T17:54:19Z
"instagram",1245,2015-01-19T17:54:43Z
"facebook",328,2015-01-19T18:55:08Z
"instagram",1248,2015-01-19T18:55:29Z
"facebook",328,2015-01-19T19:55:49Z
"instagram",1252,2015-01-19T19:56:11Z
"facebook",328,2015-01-19T20:56:31Z
"instagram",1253,2015-01-19T20:56:52Z
"facebook",328,2015-01-19T21:57:13Z
"instagram",1253,2015-01-19T21:57:35Z
"facebook",328,2015-01-19T22:57:55Z
"instagram",1255,2015-01-19T22:58:16Z
"facebook",328,2015-01-19T23:58:36Z
"instagram",1255,2015-01-19T23:58:57Z
"facebook",328,2015-01-20T00:59:17Z
"instagram",1256,2015-01-20T00:59:38Z
"facebook",328,2015-01-20T01:59:58Z
"instagram",1256,2015-01-20T02:00:18Z
"facebook",328,2015-01-20T03:00:38Z
"instagram",1256,2015-01-20T03:00:59Z
"facebook",328,2015-01-20T04:01:18Z
"instagram",1256,2015-01-20T04:01:39Z
"facebook",328,2015-01-20T05:01:59Z
"instagram",1256,2015-01-20T05:02:20Z
"facebook",328,2015-01-20T06:02:39Z
"instagram",1256,2015-01-20T06:03:00Z
"facebook",328,2015-01-20T07:03:19Z
"instagram",1256,2015-01-20T07:03:40Z
"facebook",328,2015-01-20T08:03:59Z
"instagram",1256,2015-01-20T08:04:21Z
"facebook",328,2015-01-20T09:04:40Z
"instagram",1257,2015-01-20T09:05:02Z
"facebook",328,2015-01-20T10:05:21Z
"instagram",1257,2015-01-20T10:05:41Z
"facebook",328,2015-01-20T11:06:00Z
"instagram",1259,2015-01-20T11:06:21Z
"facebook",328,2015-01-20T12:06:40Z
"instagram",1260,2015-01-20T12:07:01Z
"facebook",328,2015-01-20T13:07:20Z
"instagram",1262,2015-01-20T13:07:41Z
"facebook",328,2015-01-20T14:08:00Z
"instagram",1262,2015-01-20T14:08:21Z
"facebook",329,2015-01-20T15:08:40Z
"instagram",1262,2015-01-20T15:09:01Z
"facebook",329,2015-01-20T16:09:20Z
"instagram",1262,2015-01-20T16:09:41Z
"facebook",329,2015-01-20T17:10:01Z
"instagram",1267,2015-01-20T17:10:22Z
"facebook",330,2015-01-20T18:10:42Z
"instagram",1274,2015-01-20T18:11:03Z
"facebook",331,2015-01-20T19:11:22Z
"instagram",1276,2015-01-20T19:11:43Z
"facebook",331,2015-01-20T20:12:03Z
"instagram",1280,2015-01-20T20:12:24Z
"facebook",331,2015-01-20T21:12:45Z
"instagram",1292,2015-01-20T21:13:07Z
"facebook",331,2015-01-20T22:13:28Z
"instagram",1301,2015-01-20T22:13:50Z
"facebook",331,2015-01-20T23:14:12Z
"instagram",1302,2015-01-20T23:14:33Z
"facebook",331,2015-01-21T00:14:52Z
"instagram",1303,2015-01-21T00:15:14Z
"facebook",331,2015-01-21T01:15:33Z
"instagram",1303,2015-01-21T01:15:55Z
"facebook",331,2015-01-21T02:16:13Z
"instagram",1304,2015-01-21T02:16:35Z
"facebook",331,2015-01-21T03:16:54Z
"instagram",1304,2015-01-21T03:17:16Z
"facebook",331,2015-01-21T04:17:35Z
"instagram",1304,2015-01-21T04:17:57Z
"facebook",331,2015-01-21T05:18:16Z
"instagram",1304,2015-01-21T05:18:37Z
"facebook",331,2015-01-21T06:18:56Z
"instagram",1304,2015-01-21T06:19:18Z
"facebook",331,2015-01-21T07:19:37Z
"instagram",1304,2015-01-21T07:19:59Z
"facebook",331,2015-01-21T08:20:18Z
"instagram",1305,2015-01-21T08:20:41Z
"facebook",331,2015-01-21T09:20:58Z
"instagram",1307,2015-01-21T09:21:19Z
"facebook",335,2015-01-21T10:21:38Z
"instagram",1308,2015-01-21T10:21:59Z
"facebook",341,2015-01-21T11:22:17Z
"instagram",1308,2015-01-21T11:22:39Z
"facebook",347,2015-01-21T12:22:57Z
"instagram",1315,2015-01-21T12:23:19Z
"facebook",349,2015-01-21T13:23:37Z
"instagram",1320,2015-01-21T13:23:59Z
"facebook",356,2015-01-21T14:24:18Z
"instagram",1327,2015-01-21T14:24:40Z
"facebook",360,2015-01-21T15:24:59Z
"instagram",1330,2015-01-21T15:25:21Z
"facebook",364,2015-01-21T16:25:40Z
"instagram",1332,2015-01-21T16:26:02Z
"facebook",366,2015-01-21T17:26:21Z
"instagram",1336,2015-01-21T17:26:42Z
"facebook",368,2015-01-21T18:27:01Z
"instagram",1338,2015-01-21T18:27:33Z
"facebook",371,2015-01-21T19:27:43Z
"instagram",1341,2015-01-21T19:28:05Z
"facebook",374,2015-01-21T20:28:23Z
"instagram",1342,2015-01-21T20:28:45Z
"facebook",385,2015-01-21T21:29:05Z
"instagram",1343,2015-01-21T21:29:27Z
"facebook",396,2015-01-21T22:29:47Z
"instagram",1347,2015-01-21T22:30:09Z
"facebook",398,2015-01-21T23:30:30Z
"instagram",1348,2015-01-21T23:30:52Z
"facebook",402,2015-01-22T00:31:11Z
"instagram",1348,2015-01-22T00:31:33Z
"facebook",404,2015-01-22T01:31:53Z
"instagram",1348,2015-01-22T01:32:14Z
"facebook",404,2015-01-22T02:32:34Z
"instagram",1348,2015-01-22T02:32:56Z
"facebook",404,2015-01-22T03:33:15Z
"instagram",1348,2015-01-22T03:33:37Z
"facebook",404,2015-01-22T04:33:56Z
"instagram",1349,2015-01-22T04:34:18Z
"facebook",404,2015-01-22T05:34:37Z
"instagram",1349,2015-01-22T05:34:59Z
"facebook",404,2015-01-22T06:35:18Z
"instagram",1349,2015-01-22T06:35:39Z
"facebook",407,2015-01-22T07:35:58Z
"instagram",1350,2015-01-22T07:36:20Z
"facebook",410,2015-01-22T08:36:38Z
"instagram",1351,2015-01-22T08:37:01Z
"facebook",422,2015-01-22T09:37:18Z
"instagram",1356,2015-01-22T09:37:40Z
"facebook",429,2015-01-22T10:37:59Z
"instagram",1359,2015-01-22T10:38:24Z
"facebook",435,2015-01-22T11:38:39Z
"instagram",1359,2015-01-22T11:39:01Z
"facebook",440,2015-01-22T12:39:20Z
"instagram",1359,2015-01-22T12:39:42Z
"facebook",446,2015-01-22T13:40:01Z
"instagram",1365,2015-01-22T13:40:25Z
"facebook",449,2015-01-22T14:40:44Z
"instagram",1369,2015-01-22T14:41:07Z
"facebook",453,2015-01-22T15:41:27Z
"instagram",1371,2015-01-22T15:41:49Z
"facebook",461,2015-01-22T16:42:08Z
"instagram",1373,2015-01-22T16:42:31Z
"facebook",474,2015-01-22T17:42:59Z
"instagram",1376,2015-01-22T17:43:22Z
"facebook",482,2015-01-22T18:43:41Z
"instagram",1378,2015-01-22T18:44:03Z
"facebook",487,2015-01-22T19:44:22Z
"instagram",1378,2015-01-22T19:44:46Z
"facebook",491,2015-01-22T20:45:05Z
"instagram",1382,2015-01-22T20:45:28Z
"facebook",497,2015-01-22T21:45:48Z
"instagram",1382,2015-01-22T21:46:11Z
"facebook",500,2015-01-22T22:46:32Z
"instagram",1382,2015-01-22T22:46:55Z
"facebook",501,2015-01-22T23:47:15Z
"instagram",1384,2015-01-22T23:47:37Z
"facebook",501,2015-01-23T00:47:57Z
"instagram",1386,2015-01-23T00:48:19Z
"facebook",501,2015-01-23T01:48:40Z
"instagram",1387,2015-01-23T01:49:02Z
"facebook",501,2015-01-23T02:49:22Z
"instagram",1387,2015-01-23T02:49:44Z
"facebook",501,2015-01-23T03:50:04Z
"instagram",1387,2015-01-23T03:50:37Z
"facebook",502,2015-01-23T04:50:47Z
"instagram",1387,2015-01-23T04:51:09Z
"facebook",502,2015-01-23T05:51:29Z
"instagram",1387,2015-01-23T05:51:52Z
"facebook",504,2015-01-23T06:52:11Z
"instagram",1387,2015-01-23T06:52:33Z
"facebook",505,2015-01-23T07:52:52Z
"instagram",1391,2015-01-23T07:53:14Z
"facebook",505,2015-01-23T08:53:33Z
"instagram",1391,2015-01-23T08:53:56Z
"facebook",504,2015-01-23T09:54:14Z
"instagram",1391,2015-01-23T09:54:36Z
"facebook",508,2015-01-23T10:54:55Z
"instagram",1391,2015-01-23T10:55:17Z
"facebook",510,2015-01-23T11:55:35Z
"instagram",1393,2015-01-23T11:55:57Z
"facebook",512,2015-01-23T12:56:16Z
"instagram",1395,2015-01-23T12:56:39Z
"facebook",514,2015-01-23T13:56:58Z
"instagram",1397,2015-01-23T13:57:20Z
"facebook",517,2015-01-23T14:57:40Z
"instagram",1397,2015-01-23T14:58:03Z
"facebook",518,2015-01-23T15:58:23Z
"instagram",1399,2015-01-23T15:58:46Z
"facebook",520,2015-01-23T16:59:05Z
"instagram",1400,2015-01-23T16:59:32Z
"facebook",523,2015-01-23T17:59:51Z
"instagram",1402,2015-01-23T18:00:14Z
"facebook",524,2015-01-23T19:00:32Z
"instagram",1403,2015-01-23T19:00:55Z
"facebook",525,2015-01-23T20:01:14Z
"instagram",1406,2015-01-23T20:01:37Z
"facebook",526,2015-01-23T21:01:56Z
"instagram",1411,2015-01-23T21:02:20Z
"facebook",527,2015-01-23T22:02:39Z
"instagram",1412,2015-01-23T22:03:03Z
"facebook",528,2015-01-23T23:03:22Z
"instagram",1416,2015-01-23T23:03:46Z
"facebook",528,2015-01-24T00:04:04Z
"instagram",1417,2015-01-24T00:04:27Z
"facebook",528,2015-01-24T01:04:46Z
"instagram",1419,2015-01-24T01:05:09Z
"facebook",528,2015-01-24T02:05:27Z
"instagram",1420,2015-01-24T02:05:52Z
"facebook",528,2015-01-24T03:06:16Z
"instagram",1420,2015-01-24T03:06:39Z
"facebook",528,2015-01-24T04:06:57Z
"instagram",1420,2015-01-24T04:07:20Z
"facebook",528,2015-01-24T05:07:38Z
"instagram",1422,2015-01-24T05:08:01Z
"facebook",528,2015-01-24T06:08:19Z
"instagram",1423,2015-01-24T06:08:42Z
"facebook",529,2015-01-24T07:09:00Z
"instagram",1430,2015-01-24T07:09:23Z
"facebook",531,2015-01-24T08:09:41Z
"instagram",1436,2015-01-24T08:10:04Z
"facebook",531,2015-01-24T09:10:23Z
"instagram",1442,2015-01-24T09:10:46Z
"facebook",533,2015-01-24T10:11:04Z
"instagram",1447,2015-01-24T10:11:27Z
"facebook",538,2015-01-24T11:11:44Z
"instagram",1449,2015-01-24T11:12:07Z
"facebook",539,2015-01-24T12:12:25Z
"instagram",1455,2015-01-24T12:12:49Z
"facebook",544,2015-01-24T13:13:06Z
"instagram",1465,2015-01-24T13:13:30Z
"facebook",546,2015-01-24T14:13:48Z
"instagram",1467,2015-01-24T14:14:15Z
"facebook",546,2015-01-24T15:14:38Z
"instagram",1471,2015-01-24T15:15:02Z
"facebook",548,2015-01-24T16:15:20Z
"instagram",1471,2015-01-24T16:15:45Z
"facebook",550,2015-01-24T17:16:03Z
"instagram",1471,2015-01-24T17:16:39Z
"facebook",553,2015-01-24T18:17:00Z
"instagram",1473,2015-01-24T18:17:43Z
"facebook",722,2015-02-02T15:12:54Z
"instagram",1780,2015-02-02T15:13:23Z
"facebook",722,2015-02-02T15:16:13Z
"instagram",1781,2015-02-02T15:16:42Z
"facebook",722,2015-02-02T16:16:57Z
"instagram",1784,2015-02-02T16:17:27Z
"facebook",726,2015-02-02T17:17:53Z
"instagram",1789,2015-02-02T17:18:23Z
"facebook",727,2015-02-02T18:18:38Z
"instagram",1791,2015-02-02T18:19:20Z
"facebook",728,2015-02-02T19:19:52Z
"instagram",1790,2015-02-02T19:20:25Z
"facebook",729,2015-02-02T20:20:53Z
"instagram",1791,2015-02-02T20:21:23Z
"facebook",729,2015-02-02T21:21:37Z
"instagram",1793,2015-02-02T21:22:09Z
"facebook",731,2015-02-02T22:22:28Z
"instagram",1794,2015-02-02T22:22:58Z
"facebook",731,2015-02-02T23:23:14Z
"facebook",732,2015-02-03T00:23:19Z
"instagram",1792,2015-02-03T00:23:48Z
"facebook",732,2015-02-03T01:24:03Z
"instagram",1792,2015-02-03T01:24:33Z
"facebook",732,2015-02-03T02:24:46Z
"instagram",1792,2015-02-03T02:25:15Z
"facebook",732,2015-02-03T03:25:30Z
"instagram",1792,2015-02-03T03:25:59Z
"facebook",732,2015-02-03T04:26:14Z
"instagram",1792,2015-02-03T04:26:43Z
"facebook",732,2015-02-03T05:26:57Z
"instagram",1792,2015-02-03T05:27:27Z
"facebook",732,2015-02-03T06:27:42Z
"instagram",1792,2015-02-03T06:28:11Z
"facebook",732,2015-02-03T07:28:25Z
"instagram",1792,2015-02-03T07:28:55Z
"facebook",732,2015-02-03T08:29:10Z
"instagram",1792,2015-02-03T08:29:39Z
"facebook",733,2015-02-03T09:29:54Z
"instagram",1794,2015-02-03T09:30:23Z
"facebook",736,2015-02-03T10:30:37Z
"instagram",1794,2015-02-03T10:31:07Z
"facebook",740,2015-02-03T11:31:21Z
"instagram",1796,2015-02-03T11:31:50Z
"facebook",743,2015-02-03T12:32:05Z
"instagram",1797,2015-02-03T12:32:34Z
"facebook",753,2015-02-03T13:32:48Z
"instagram",1804,2015-02-03T13:33:17Z
"facebook",769,2015-02-03T14:33:31Z
"instagram",1808,2015-02-03T14:34:06Z
"facebook",780,2015-02-03T15:34:16Z
"instagram",1810,2015-02-03T15:34:47Z
"facebook",786,2015-02-03T16:35:03Z
"instagram",1813,2015-02-03T16:35:33Z
"facebook",794,2015-02-03T17:35:47Z
"instagram",1817,2015-02-03T17:36:16Z
"facebook",801,2015-02-03T18:36:31Z
"instagram",1827,2015-02-03T18:37:00Z
"facebook",811,2015-02-03T19:37:15Z
"instagram",1831,2015-02-03T19:37:45Z
"facebook",818,2015-02-03T20:37:59Z
"instagram",1839,2015-02-03T20:38:30Z
"facebook",827,2015-02-03T21:38:44Z
"instagram",1842,2015-02-03T21:39:14Z
"facebook",835,2015-02-03T22:39:29Z
"instagram",1845,2015-02-03T22:40:20Z
"facebook",835,2015-02-03T23:40:38Z
"instagram",1845,2015-02-03T23:41:08Z
"facebook",837,2015-02-04T00:41:23Z
"instagram",1845,2015-02-04T00:41:53Z
"facebook",838,2015-02-04T01:42:07Z
"instagram",1847,2015-02-04T01:42:48Z
"facebook",839,2015-02-04T02:43:06Z
"instagram",1847,2015-02-04T02:43:36Z
"facebook",840,2015-02-04T03:43:51Z
"instagram",1848,2015-02-04T03:44:21Z
"facebook",840,2015-02-04T04:44:35Z
"instagram",1848,2015-02-04T04:45:05Z
"facebook",841,2015-02-04T05:45:19Z
"instagram",1849,2015-02-04T05:45:49Z
"facebook",842,2015-02-04T06:46:06Z
"instagram",1850,2015-02-04T06:46:36Z
"facebook",842,2015-02-04T07:46:50Z
"instagram",1851,2015-02-04T07:47:20Z
"facebook",845,2015-02-04T08:47:34Z
"instagram",1851,2015-02-04T08:48:04Z
"facebook",849,2015-02-04T09:48:18Z
"instagram",1852,2015-02-04T09:48:48Z
"facebook",851,2015-02-04T10:49:02Z
"instagram",1853,2015-02-04T10:49:32Z
"facebook",852,2015-02-04T11:49:45Z
"instagram",1854,2015-02-04T11:50:15Z
"facebook",854,2015-02-04T12:50:29Z
"instagram",1855,2015-02-04T12:51:00Z
"facebook",856,2015-02-04T13:51:14Z
"instagram",1859,2015-02-04T13:51:44Z
"facebook",857,2015-02-04T14:51:57Z
"instagram",1858,2015-02-04T14:52:32Z
"facebook",859,2015-02-04T15:52:47Z
"instagram",1860,2015-02-04T15:53:17Z
"facebook",860,2015-02-04T16:53:32Z
"instagram",1868,2015-02-04T16:54:02Z
"facebook",860,2015-02-04T17:54:16Z
"instagram",1870,2015-02-04T17:54:46Z
"facebook",864,2015-02-04T18:55:01Z
"instagram",1871,2015-02-04T18:55:31Z
"facebook",864,2015-02-04T19:55:47Z
"instagram",1873,2015-02-04T19:56:24Z
"facebook",866,2015-02-04T20:56:43Z
"instagram",1874,2015-02-04T20:57:18Z
"facebook",870,2015-02-04T21:57:41Z
"instagram",1874,2015-02-04T21:58:11Z
"facebook",870,2015-02-04T22:58:26Z
"facebook",878,2015-02-05T10:37:35Z
"instagram",1882,2015-02-05T10:38:05Z
"facebook",878,2015-02-05T10:43:02Z
"instagram",1882,2015-02-05T10:43:32Z
"facebook",878,2015-02-05T11:43:46Z
"instagram",1882,2015-02-05T11:44:16Z
"facebook",878,2015-02-05T12:44:30Z
"instagram",1883,2015-02-05T12:45:00Z
"facebook",881,2015-02-05T13:45:14Z
"instagram",1884,2015-02-05T13:45:44Z
"facebook",883,2015-02-05T14:45:58Z
"instagram",1885,2015-02-05T14:46:28Z
"facebook",883,2015-02-05T15:46:42Z
"instagram",1886,2015-02-05T15:47:13Z
"facebook",884,2015-02-05T16:47:27Z
"instagram",1887,2015-02-05T16:47:58Z
"facebook",885,2015-02-05T17:48:13Z
"instagram",1889,2015-02-05T17:48:46Z
"facebook",886,2015-02-05T18:49:00Z
"instagram",1890,2015-02-05T18:49:33Z
"facebook",887,2015-02-05T19:49:46Z
"instagram",1891,2015-02-05T19:50:23Z
"facebook",889,2015-02-05T20:50:40Z
"instagram",1895,2015-02-05T20:51:12Z
"facebook",889,2015-02-05T21:51:26Z
"facebook",896,2015-02-06T11:09:48Z
"instagram",1905,2015-02-06T11:10:19Z
"facebook",896,2015-02-06T12:10:33Z
"instagram",1905,2015-02-06T12:11:04Z
"facebook",896,2015-02-06T13:11:18Z
"instagram",1906,2015-02-06T13:11:49Z
"facebook",898,2015-02-06T13:56:25Z
"instagram",1907,2015-02-06T13:56:56Z
"facebook",899,2015-02-06T14:57:19Z
"instagram",1906,2015-02-06T14:57:53Z
"facebook",899,2015-02-06T15:58:11Z
"instagram",1906,2015-02-06T15:58:42Z
"facebook",900,2015-02-06T16:58:56Z
"instagram",1906,2015-02-06T16:59:36Z
"facebook",901,2015-02-06T17:59:43Z
"instagram",1907,2015-02-06T18:00:14Z
"facebook",901,2015-02-06T19:00:28Z
"instagram",1910,2015-02-06T19:01:00Z
"facebook",901,2015-02-06T20:01:13Z
"instagram",1910,2015-02-06T20:01:50Z
"facebook",901,2015-02-06T21:02:07Z
"facebook",901,2015-02-06T22:03:50Z
"instagram",1917,2015-02-06T22:04:23Z
"facebook",902,2015-02-06T23:04:37Z
"instagram",1919,2015-02-06T23:05:13Z
"facebook",902,2015-02-07T00:05:25Z
"instagram",1919,2015-02-07T00:05:59Z
"facebook",902,2015-02-07T01:06:13Z
"instagram",1918,2015-02-07T01:06:45Z
"facebook",902,2015-02-07T02:06:59Z
"instagram",1918,2015-02-07T02:07:31Z
"facebook",903,2015-02-07T03:07:43Z
"instagram",1918,2015-02-07T03:08:15Z
"facebook",903,2015-02-07T04:08:30Z
"instagram",1918,2015-02-07T04:09:03Z
"facebook",903,2015-02-07T05:09:16Z
"facebook",903,2015-02-07T06:10:02Z
"facebook",903,2015-02-07T07:10:48Z
"facebook",903,2015-02-07T08:11:34Z
"facebook",905,2015-02-07T09:12:19Z
"facebook",905,2015-02-07T10:13:04Z
"facebook",905,2015-02-07T11:13:51Z
"facebook",907,2015-02-07T12:14:37Z
"facebook",908,2015-02-07T13:15:23Z
"facebook",910,2015-02-07T14:16:08Z
"facebook",911,2015-02-07T15:17:16Z
"facebook",913,2015-02-07T16:18:02Z
"facebook",914,2015-02-07T17:18:48Z
"facebook",916,2015-02-07T18:20:15Z
"facebook",918,2015-02-07T19:21:02Z
"facebook",919,2015-02-07T20:21:48Z
"facebook",923,2015-02-07T21:22:35Z
"facebook",930,2015-02-07T22:23:21Z
"facebook",934,2015-02-07T23:24:29Z
"facebook",934,2015-02-08T00:25:35Z
"facebook",935,2015-02-08T01:26:21Z
"facebook",935,2015-02-08T02:27:06Z
"facebook",935,2015-02-08T03:27:52Z
"facebook",935,2015-02-08T04:28:40Z
"facebook",935,2015-02-08T05:29:34Z
"facebook",935,2015-02-08T06:30:20Z
"facebook",945,2015-02-08T07:31:06Z
"facebook",957,2015-02-08T08:31:52Z
"facebook",962,2015-02-08T09:32:37Z
"facebook",971,2015-02-08T10:33:22Z
"facebook",973,2015-02-08T11:34:07Z
"facebook",975,2015-02-08T12:34:52Z
"instagram",1918,2015-02-07T05:09:48Z
"instagram",1919,2015-02-07T06:10:34Z
"instagram",1919,2015-02-07T07:11:19Z
"instagram",1920,2015-02-07T08:12:05Z
"instagram",1920,2015-02-07T09:12:51Z
"instagram",1922,2015-02-07T10:13:38Z
"instagram",1924,2015-02-07T11:14:24Z
"instagram",1926,2015-02-07T12:15:08Z
"instagram",1928,2015-02-07T13:15:54Z
"instagram",1927,2015-02-07T14:16:50Z
"instagram",1929,2015-02-07T15:17:47Z
"instagram",1930,2015-02-07T16:18:34Z
"instagram",1930,2015-02-07T17:19:48Z
"instagram",1930,2015-02-07T18:20:47Z
"instagram",1930,2015-02-07T19:21:34Z
"instagram",1930,2015-02-07T20:22:20Z
"instagram",1937,2015-02-07T21:23:08Z
"instagram",1951,2015-02-07T22:24:10Z
"instagram",1953,2015-02-07T23:25:11Z
"instagram",1955,2015-02-08T00:26:08Z
"instagram",1958,2015-02-08T01:26:53Z
"instagram",1958,2015-02-08T02:27:38Z
"instagram",1959,2015-02-08T03:28:32Z
"instagram",1959,2015-02-08T04:29:12Z
"instagram",1960,2015-02-08T05:30:08Z
"instagram",1960,2015-02-08T06:30:52Z
"instagram",1961,2015-02-08T07:31:38Z
"instagram",1966,2015-02-08T08:32:24Z
"instagram",1969,2015-02-08T09:33:09Z
"instagram",1972,2015-02-08T10:33:54Z
"instagram",1974,2015-02-08T11:34:40Z
"instagram",1975,2015-02-08T12:35:24Z
"facebook",979,2015-02-08T13:35:37Z
"instagram",1975,2015-02-08T13:36:12Z
"facebook",982,2015-02-08T14:36:28Z
"instagram",1976,2015-02-08T14:37:02Z
"facebook",985,2015-02-08T15:52:50Z
"instagram",1975,2015-02-08T15:53:23Z
"facebook",985,2015-02-08T16:53:37Z
"instagram",1975,2015-02-08T16:54:11Z
"facebook",988,2015-02-08T17:54:24Z
"instagram",1976,2015-02-08T17:55:33Z
"facebook",989,2015-02-08T18:55:34Z
"facebook",991,2015-02-08T19:56:43Z
"facebook",991,2015-02-08T20:58:13Z
"facebook",992,2015-02-08T22:16:06Z
"facebook",994,2015-02-08T23:17:45Z
"facebook",994,2015-02-09T00:18:04Z
"facebook",994,2015-02-09T03:19:28Z
"instagram",1983,2015-02-09T03:20:13Z
"facebook",994,2015-02-09T04:20:32Z
"instagram",1983,2015-02-09T04:21:04Z
"facebook",994,2015-02-09T05:21:18Z
"instagram",1983,2015-02-09T05:21:51Z
"facebook",994,2015-02-09T06:22:05Z
"instagram",1983,2015-02-09T06:22:37Z
"facebook",994,2015-02-09T07:22:50Z
"instagram",1982,2015-02-09T07:23:22Z
"facebook",994,2015-02-09T08:23:35Z
"instagram",1983,2015-02-09T08:24:08Z
"facebook",994,2015-02-09T09:24:21Z
"instagram",1983,2015-02-09T09:24:53Z
"facebook",994,2015-02-09T10:25:06Z
"instagram",1988,2015-02-09T10:25:39Z
"facebook",997,2015-02-09T11:25:51Z
"instagram",2000,2015-02-09T11:26:28Z
"facebook",998,2015-02-09T12:26:37Z
"instagram",2008,2015-02-09T12:27:11Z
"facebook",1001,2015-02-09T13:27:29Z
"instagram",2010,2015-02-09T13:28:02Z
"facebook",1003,2015-02-09T14:28:14Z
"instagram",2011,2015-02-09T14:28:55Z
"facebook",1003,2015-02-09T15:29:10Z
"instagram",2016,2015-02-09T15:29:43Z
"facebook",1004,2015-02-09T16:29:56Z
"instagram",2017,2015-02-09T16:30:30Z
"facebook",1004,2015-02-09T17:30:42Z
"instagram",2017,2015-02-09T17:31:16Z
"facebook",1004,2015-02-09T18:31:28Z
"instagram",2019,2015-02-09T18:32:20Z
"facebook",1005,2015-02-09T19:32:30Z
"facebook",1087,2015-02-11T09:24:52Z
"instagram",2072,2015-02-11T09:25:26Z
"instagram",2073,2015-02-11T10:26:46Z
"facebook",1089,2015-02-11T11:42:59Z
"instagram",2074,2015-02-11T11:43:33Z
"facebook",1090,2015-02-11T12:43:45Z
"instagram",2074,2015-02-11T12:44:19Z
"facebook",1094,2015-02-11T13:44:30Z
"instagram",2076,2015-02-11T13:45:04Z
"facebook",1097,2015-02-11T14:45:16Z
"instagram",2078,2015-02-11T14:45:50Z
"facebook",1098,2015-02-11T15:46:02Z
"instagram",2079,2015-02-11T15:46:51Z
"facebook",1100,2015-02-11T16:46:56Z
"instagram",2080,2015-02-11T16:47:46Z
"facebook",1103,2015-02-11T17:47:50Z
"instagram",2080,2015-02-11T17:48:24Z
"facebook",1106,2015-02-11T18:48:36Z
"instagram",2079,2015-02-11T18:49:15Z
"facebook",1109,2015-02-11T19:49:41Z
"facebook",1115,2015-02-12T01:51:31Z
"facebook",1115,2015-02-12T04:09:16Z
"instagram",2081,2015-02-12T04:09:50Z
"facebook",1115,2015-02-12T05:10:02Z
"instagram",2081,2015-02-12T05:10:36Z
"facebook",1115,2015-02-12T06:10:48Z
"instagram",2082,2015-02-12T06:11:22Z
"facebook",1115,2015-02-12T07:11:36Z
"instagram",2082,2015-02-12T07:12:09Z
"facebook",1116,2015-02-12T08:12:21Z
"instagram",2082,2015-02-12T08:12:55Z
"facebook",1116,2015-02-12T09:13:07Z
"instagram",2083,2015-02-12T09:13:41Z
"facebook",1116,2015-02-12T10:14:07Z
"instagram",2084,2015-02-12T10:15:00Z
"facebook",1127,2015-02-13T10:07:01Z
"instagram",2125,2015-02-13T10:07:35Z
"facebook",1128,2015-02-13T11:07:48Z
"instagram",2125,2015-02-13T11:08:22Z
"facebook",1128,2015-02-13T12:08:34Z
"instagram",2125,2015-02-13T12:09:09Z
"facebook",1128,2015-02-13T13:09:20Z
"instagram",2125,2015-02-13T13:09:55Z
"facebook",1128,2015-02-13T14:10:08Z
"instagram",2126,2015-02-13T14:10:44Z
"facebook",1129,2015-02-13T15:10:55Z
"instagram",2126,2015-02-13T15:11:44Z
"facebook",1130,2015-02-13T16:11:49Z
"instagram",2133,2015-02-13T16:12:24Z
"facebook",1131,2015-02-13T17:12:41Z
"instagram",2135,2015-02-13T17:13:15Z
"facebook",1133,2015-02-13T18:13:28Z
"instagram",2139,2015-02-13T18:14:03Z
"facebook",1134,2015-02-13T19:14:15Z
"instagram",2140,2015-02-13T19:14:50Z
"facebook",1138,2015-02-13T20:15:02Z
"instagram",2141,2015-02-13T20:15:38Z
"facebook",1140,2015-02-13T21:15:50Z
"instagram",2141,2015-02-13T21:16:26Z
"facebook",1142,2015-02-13T22:16:38Z
"instagram",2142,2015-02-13T22:17:13Z
"facebook",1144,2015-02-13T23:17:25Z
"instagram",2142,2015-02-13T23:18:01Z
"facebook",1145,2015-02-14T00:18:14Z
"instagram",2144,2015-02-14T00:18:48Z
"facebook",1145,2015-02-14T01:19:00Z
"instagram",2144,2015-02-14T01:19:36Z
"facebook",1145,2015-02-14T02:19:47Z
"instagram",2144,2015-02-14T02:20:22Z
"facebook",1145,2015-02-14T03:20:34Z
"instagram",2146,2015-02-14T03:21:08Z
"facebook",1145,2015-02-14T04:21:21Z
"instagram",2146,2015-02-14T04:21:56Z
"facebook",1145,2015-02-14T05:22:08Z
"instagram",2147,2015-02-14T05:22:43Z
"facebook",1146,2015-02-14T06:22:55Z
"instagram",2148,2015-02-14T06:23:31Z
"facebook",1146,2015-02-14T07:23:41Z
"instagram",2149,2015-02-14T07:24:16Z
"facebook",1149,2015-02-14T08:24:28Z
"instagram",2150,2015-02-14T08:25:03Z
"facebook",1149,2015-02-14T09:25:14Z
"instagram",2150,2015-02-14T09:25:49Z
"facebook",1150,2015-02-14T10:26:00Z
"instagram",2152,2015-02-14T10:26:35Z
"facebook",1151,2015-02-14T11:26:46Z
"instagram",2151,2015-02-14T11:27:22Z
"facebook",1153,2015-02-14T12:27:32Z
"instagram",2151,2015-02-14T12:28:08Z
"facebook",1154,2015-02-14T13:28:19Z
"instagram",2153,2015-02-14T13:28:56Z
"facebook",1155,2015-02-14T14:29:06Z
"instagram",2154,2015-02-14T14:29:42Z
"facebook",1155,2015-02-14T15:29:54Z
"instagram",2158,2015-02-14T15:30:30Z
"facebook",1156,2015-02-14T16:30:42Z
"instagram",2160,2015-02-14T16:31:19Z
"facebook",1156,2015-02-14T17:31:31Z
"instagram",2160,2015-02-14T17:32:12Z
"facebook",1156,2015-02-14T18:32:31Z
"instagram",2163,2015-02-14T18:33:07Z
"facebook",1161,2015-02-16T08:44:13Z
"instagram",2180,2015-02-16T08:44:49Z
"facebook",1161,2015-02-16T08:50:30Z
"instagram",2182,2015-02-16T08:51:06Z
"facebook",1163,2015-02-16T09:51:16Z
"instagram",2184,2015-02-16T09:52:29Z
"facebook",1163,2015-02-16T10:52:30Z
"instagram",2186,2015-02-16T10:53:06Z
"facebook",1163,2015-02-16T11:53:16Z
"instagram",2190,2015-02-16T11:53:52Z
"facebook",1163,2015-02-16T12:54:02Z
"instagram",2197,2015-02-16T12:54:38Z
"facebook",1163,2015-02-16T13:54:49Z
"instagram",2198,2015-02-16T13:55:26Z
"facebook",1164,2015-02-16T14:55:38Z
"instagram",2201,2015-02-16T14:56:14Z
"facebook",1165,2015-02-16T15:56:25Z
"instagram",2202,2015-02-16T15:57:02Z
"facebook",1166,2015-02-16T16:57:14Z
"instagram",2203,2015-02-16T16:57:52Z
"facebook",1166,2015-02-16T17:58:03Z
"facebook",1166,2015-02-16T18:59:44Z
"facebook",1168,2015-02-16T21:01:28Z
"facebook",1171,2015-02-16T22:01:36Z
"facebook",1174,2015-02-16T23:01:54Z
"facebook",1175,2015-02-17T00:02:21Z
"facebook",1176,2015-02-17T01:04:25Z
"facebook",1177,2015-02-17T04:22:45Z
"instagram",2213,2015-02-17T04:23:32Z
"facebook",1177,2015-02-17T05:23:43Z
"instagram",2213,2015-02-17T05:24:19Z
"facebook",1177,2015-02-17T06:24:32Z
"instagram",2214,2015-02-17T06:25:09Z
"facebook",1177,2015-02-17T07:25:20Z
"instagram",2214,2015-02-17T07:25:56Z
"facebook",1179,2015-02-17T08:26:07Z
"instagram",2215,2015-02-17T08:26:43Z
"facebook",1182,2015-02-17T09:26:53Z
"instagram",2217,2015-02-17T09:27:29Z
"facebook",1183,2015-02-17T10:27:40Z
"instagram",2220,2015-02-17T10:28:16Z
"facebook",1188,2015-02-17T11:28:26Z
"instagram",2222,2015-02-17T11:29:03Z
"facebook",1199,2015-02-17T12:29:13Z
"instagram",2223,2015-02-17T12:29:50Z
"facebook",1204,2015-02-17T13:30:00Z
"facebook",1208,2015-02-17T14:30:32Z
"instagram",2223,2015-02-17T14:31:14Z
"facebook",1214,2015-02-17T15:31:26Z
"facebook",1214,2015-02-17T16:32:01Z
"facebook",1215,2015-02-17T17:32:38Z
"facebook",1218,2015-02-17T18:33:31Z
"facebook",1221,2015-02-17T19:34:21Z
"facebook",1225,2015-02-17T20:34:56Z
"instagram",2233,2015-02-17T20:35:33Z
"facebook",1225,2015-02-17T21:35:50Z
"instagram",2234,2015-02-17T21:36:27Z
"facebook",1227,2015-02-17T22:36:40Z
"instagram",2235,2015-02-17T22:37:17Z
"facebook",1252,2015-02-19T09:34:32Z
"instagram",2267,2015-02-19T09:35:09Z
"facebook",1252,2015-02-19T10:35:19Z
"instagram",2269,2015-02-19T10:35:56Z
"facebook",1252,2015-02-19T11:36:06Z
"instagram",2271,2015-02-19T11:36:43Z
"facebook",1253,2015-02-19T12:36:53Z
"instagram",2271,2015-02-19T12:37:30Z
"facebook",1253,2015-02-19T13:37:41Z
"instagram",2271,2015-02-19T13:38:18Z
"facebook",1253,2015-02-19T14:38:29Z
"instagram",2273,2015-02-19T14:39:06Z
"facebook",1254,2015-02-19T15:39:18Z
"instagram",2273,2015-02-19T15:39:55Z
"facebook",1255,2015-02-19T16:40:07Z
"instagram",2272,2015-02-19T16:40:57Z
"facebook",1256,2015-02-19T17:42:51Z
"instagram",2274,2015-02-19T17:43:29Z
"facebook",1256,2015-02-19T18:43:40Z
"instagram",2277,2015-02-19T18:44:18Z
"facebook",1256,2015-02-19T19:44:30Z
"instagram",2279,2015-02-19T19:45:07Z
"facebook",1256,2015-02-19T20:45:20Z
"instagram",2281,2015-02-19T20:45:57Z
"facebook",1256,2015-02-19T21:46:10Z
"instagram",2282,2015-02-19T21:46:51Z
"facebook",1256,2015-02-19T22:47:05Z
"instagram",2284,2015-02-19T22:47:46Z
"facebook",1256,2015-02-19T23:47:58Z
"instagram",2285,2015-02-19T23:48:37Z
"facebook",1256,2015-02-20T00:48:47Z
"instagram",2285,2015-02-20T00:49:25Z
"facebook",1256,2015-02-20T01:49:36Z
"instagram",2286,2015-02-20T01:50:14Z
"facebook",1256,2015-02-20T02:50:25Z
"instagram",2286,2015-02-20T02:51:04Z
"facebook",1256,2015-02-20T03:51:22Z
"instagram",2286,2015-02-20T03:51:59Z
"facebook",1256,2015-02-20T04:52:17Z
"instagram",2286,2015-02-20T04:52:54Z
"facebook",1256,2015-02-20T05:53:06Z
"instagram",2286,2015-02-20T05:53:43Z
"facebook",1256,2015-02-20T06:53:54Z
"instagram",2286,2015-02-20T06:54:32Z
"facebook",1257,2015-02-20T07:54:43Z
"instagram",2287,2015-02-20T07:55:21Z
"facebook",1257,2015-02-20T08:55:32Z
"instagram",2288,2015-02-20T08:56:09Z
"facebook",1257,2015-02-20T09:56:21Z
"instagram",2289,2015-02-20T09:56:57Z
"facebook",1257,2015-02-20T10:57:09Z
"instagram",2289,2015-02-20T10:57:46Z
"facebook",1257,2015-02-20T11:57:56Z
"instagram",2291,2015-02-20T11:58:34Z
"facebook",1257,2015-02-20T12:58:44Z
"instagram",2290,2015-02-20T12:59:22Z
"facebook",1257,2015-02-20T13:59:33Z
"instagram",2290,2015-02-20T14:00:11Z
"facebook",1257,2015-02-20T15:00:22Z
"instagram",2296,2015-02-20T15:01:00Z
"facebook",1258,2015-02-20T16:01:13Z
"instagram",2300,2015-02-20T16:02:05Z
"facebook",1258,2015-02-20T17:02:06Z
"instagram",2300,2015-02-20T17:02:44Z
"facebook",1263,2015-02-20T18:02:55Z
"instagram",2304,2015-02-20T18:03:33Z
"facebook",1265,2015-02-20T19:03:44Z
"instagram",2305,2015-02-20T19:04:44Z
"facebook",1265,2015-02-20T20:04:58Z
"instagram",2306,2015-02-20T20:06:00Z
"facebook",1267,2015-02-20T21:06:13Z
"facebook",1267,2015-02-20T22:08:09Z
"instagram",2307,2015-02-20T22:09:11Z
"facebook",1267,2015-02-20T23:09:26Z
"instagram",2309,2015-02-20T23:10:27Z
"facebook",1267,2015-02-21T00:10:42Z
"instagram",2310,2015-02-21T00:11:43Z
"facebook",1267,2015-02-21T01:11:57Z
"instagram",2310,2015-02-21T01:12:58Z
"facebook",1267,2015-02-21T02:13:12Z
"instagram",2311,2015-02-21T02:14:13Z
"facebook",1267,2015-02-21T03:14:28Z
"instagram",2311,2015-02-21T03:15:29Z
"facebook",1267,2015-02-21T04:15:43Z
"instagram",2312,2015-02-21T04:16:44Z
"facebook",1267,2015-02-21T05:16:58Z
"instagram",2312,2015-02-21T05:17:59Z
"facebook",1267,2015-02-21T06:18:13Z
"instagram",2313,2015-02-21T06:19:14Z
"facebook",1268,2015-02-21T07:19:27Z
"instagram",2312,2015-02-21T07:20:27Z
"facebook",1270,2015-02-21T08:20:42Z
"instagram",2312,2015-02-21T08:21:42Z
"facebook",1271,2015-02-21T09:21:56Z
"instagram",2314,2015-02-21T09:22:56Z
"facebook",1273,2015-02-21T10:23:10Z
"instagram",2315,2015-02-21T10:24:10Z
"facebook",1286,2015-02-21T11:24:23Z
"instagram",2320,2015-02-21T11:25:24Z
"facebook",1293,2015-02-21T12:25:38Z
"instagram",2320,2015-02-21T12:26:39Z
"facebook",1300,2015-02-21T13:26:51Z
"instagram",2321,2015-02-21T13:27:51Z
"facebook",1310,2015-02-21T14:28:06Z
"instagram",2322,2015-02-21T14:29:07Z
"facebook",1313,2015-02-21T15:29:21Z
"instagram",2323,2015-02-21T15:30:22Z
"facebook",1321,2015-02-21T16:30:36Z
"instagram",2326,2015-02-21T16:31:39Z
"facebook",1328,2015-02-21T17:31:52Z
"instagram",2326,2015-02-21T17:32:54Z
"facebook",1330,2015-02-21T18:33:09Z
"instagram",2327,2015-02-21T18:34:12Z
"facebook",1332,2015-02-21T19:34:25Z
"instagram",2326,2015-02-21T19:35:27Z
"facebook",1333,2015-02-21T20:35:42Z
"instagram",2326,2015-02-21T20:36:43Z
"facebook",1333,2015-02-21T21:36:58Z
"instagram",2326,2015-02-21T21:38:00Z
"facebook",1333,2015-02-21T22:38:14Z
"instagram",2327,2015-02-21T22:39:17Z
"facebook",1333,2015-02-21T23:39:30Z
"instagram",2329,2015-02-21T23:40:32Z
"facebook",1335,2015-02-22T00:40:46Z
"instagram",2329,2015-02-22T00:41:48Z
"facebook",1336,2015-02-22T01:42:02Z
"instagram",2329,2015-02-22T01:43:03Z
"facebook",1337,2015-02-22T02:43:16Z
"instagram",2329,2015-02-22T02:44:17Z
"facebook",1337,2015-02-22T03:44:30Z
"instagram",2329,2015-02-22T03:45:32Z
"facebook",1337,2015-02-22T04:45:45Z
"instagram",2329,2015-02-22T04:46:46Z
"facebook",1337,2015-02-22T05:47:01Z
"facebook",1337,2015-02-22T06:48:17Z
"facebook",1338,2015-02-22T07:49:32Z
"facebook",1339,2015-02-22T08:50:46Z
"facebook",1341,2015-02-22T09:52:01Z
"facebook",1342,2015-02-22T10:53:16Z
"facebook",1343,2015-02-22T11:54:30Z
"facebook",1343,2015-02-22T12:55:44Z
"facebook",1344,2015-02-22T13:56:59Z
"facebook",1344,2015-02-22T14:58:14Z
"facebook",1345,2015-02-22T15:59:30Z
"facebook",1348,2015-02-22T17:00:46Z
"facebook",1348,2015-02-22T18:02:03Z
"facebook",1351,2015-02-22T19:03:22Z
"facebook",1351,2015-02-22T20:05:18Z
"facebook",1351,2015-02-22T21:06:37Z
"facebook",1351,2015-02-22T22:07:57Z
"facebook",1351,2015-02-22T23:09:14Z
"facebook",1351,2015-02-23T00:10:30Z
"facebook",1352,2015-02-23T01:11:46Z
"instagram",2330,2015-02-22T05:48:01Z
"instagram",2330,2015-02-22T06:49:17Z
"instagram",2331,2015-02-22T07:50:33Z
"instagram",2334,2015-02-22T08:51:47Z
"instagram",2335,2015-02-22T09:53:01Z
"instagram",2336,2015-02-22T10:54:17Z
"instagram",2341,2015-02-22T11:55:31Z
"instagram",2343,2015-02-22T12:56:46Z
"instagram",2342,2015-02-22T13:58:01Z
"instagram",2342,2015-02-22T14:59:17Z
"instagram",2343,2015-02-22T16:00:33Z
"instagram",2345,2015-02-22T17:01:50Z
"instagram",2346,2015-02-22T18:03:08Z
"instagram",2348,2015-02-22T19:05:02Z
"instagram",2349,2015-02-22T20:06:23Z
"instagram",2349,2015-02-22T21:07:43Z
"instagram",2349,2015-02-22T22:09:02Z
"instagram",2349,2015-02-22T23:10:18Z
"instagram",2351,2015-02-23T00:11:33Z
"instagram",2351,2015-02-23T01:12:49Z
"facebook",1352,2015-02-23T02:13:02Z
"instagram",2351,2015-02-23T02:14:05Z
"facebook",1352,2015-02-23T03:14:17Z
"instagram",2353,2015-02-23T03:15:21Z
"facebook",1352,2015-02-23T04:15:33Z
"instagram",2353,2015-02-23T04:16:36Z
"facebook",1352,2015-02-23T05:16:49Z
"instagram",2353,2015-02-23T05:17:52Z
"facebook",1352,2015-02-23T06:18:03Z
"instagram",2354,2015-02-23T06:19:06Z
"facebook",1353,2015-02-23T07:19:17Z
"instagram",2356,2015-02-23T07:20:21Z
"facebook",1354,2015-02-23T08:20:32Z
"instagram",2357,2015-02-23T08:21:35Z
"facebook",1354,2015-02-23T09:21:46Z
"instagram",2356,2015-02-23T09:22:48Z
"facebook",1355,2015-02-23T10:23:00Z
"instagram",2356,2015-02-23T10:24:02Z
"facebook",1355,2015-02-23T11:24:13Z
"instagram",2356,2015-02-23T11:25:16Z
"facebook",1355,2015-02-23T12:25:27Z
"instagram",2357,2015-02-23T12:26:30Z
"facebook",1356,2015-02-23T13:26:41Z
"instagram",2360,2015-02-23T13:27:44Z
"facebook",1356,2015-02-23T14:27:55Z
"instagram",2362,2015-02-23T14:28:57Z
"facebook",1360,2015-02-23T15:29:10Z
"instagram",2362,2015-02-23T15:30:13Z
"facebook",1367,2015-02-23T16:30:25Z
"instagram",2365,2015-02-23T16:31:29Z
"facebook",1368,2015-02-23T17:31:41Z
"instagram",2369,2015-02-23T17:32:44Z
"facebook",1371,2015-02-23T18:32:56Z
"instagram",2373,2015-02-23T18:34:01Z
"facebook",1377,2015-02-23T19:34:12Z
"instagram",2376,2015-02-23T19:35:16Z
"facebook",1379,2015-02-23T20:35:29Z
"instagram",2377,2015-02-23T20:36:33Z
"facebook",1380,2015-02-23T21:36:45Z
"instagram",2382,2015-02-23T21:37:50Z
"facebook",1383,2015-02-23T22:38:04Z
"instagram",2387,2015-02-23T22:39:08Z
"facebook",1383,2015-02-23T23:39:25Z
"instagram",2389,2015-02-23T23:40:33Z
"facebook",1397,2015-02-24T14:45:19Z
"instagram",2417,2015-02-24T14:46:23Z
